PDB ID,Epitope List (residueid_residuename_chain)
1YBW,"487_LEU_A, 483_ILE_A, 496_HIS_A, 639_ASP_A, 489_SER_A, 449_PHE_A, 455_ARG_A, 450_SER_A, 644_ARG_A, 485_TYR_A, 580_ASN_A, 482_TYR_A, 484_PRO_A, 486_THR_A, 636_ASN_A, 488_TYR_A, 491_PHE_A, 579_PRO_A, 490_VAL_A, 481_LYS_A"
5X59,"26_VAL_A, 27_LYS_A, 543_LYS_A, 190_ARG_A, 22_GLY_A, 20_ASP_A, 540_TYR_A, 234_LEU_A, 506_LEU_A, 544_GLN_A, 538_GLY_A, 502_LYS_A, 529_ILE_A, 25_SER_A, 236_ASN_A, 188_GLU_A, 513_GLU_A, 542_ARG_A, 510_ASP_A, 537_ASP_A, 556_ALA_A, 553_TRP_A, 28_SER_A, 541_TYR_A, 24_ASP_A, 531_PRO_A, 226_ASN_A, 191_SER_A, 23_PRO_A, 539_ASP_A, 18_TYR_A, 555_VAL_A, 235_ARG_A, 535_TRP_A, 536_GLU_A, 557_SER_A"
3PMT,"567_TRP_A, 590_LYS_A, 598_GLU_A, 597_TYR_A, 588_VAL_A, 580_LEU_A, 595_GLY_A, 586_THR_A, 599_GLU_A, 566_TYR_A, 592_ILE_A, 596_ASN_A, 579_ALA_A, 594_TYR_A, 593_ASP_A, 587_ALA_A, 581_HIS_A, 582_SER_A"
3IT8,"23_GLU_C, 139_PRO_C, 23_GLU_B, 67_GLN_B, 110_GLU_B, 105_THR_B, 66_GLY_C, 109_ALA_C, 107_GLU_B, 67_GLN_A, 65_LYS_B, 66_GLY_A, 109_ALA_A, 24_GLY_B, 71_SER_B, 112_LYS_A, 139_PRO_A, 112_LYS_B, 138_ARG_B, 138_ARG_A, 140_ASP_C, 66_GLY_B, 142_LEU_C, 25_GLN_A, 110_GLU_A, 138_ARG_C, 69_CYS_B, 65_LYS_C, 105_THR_A, 140_ASP_A, 68_GLY_B, 69_CYS_A, 69_CYS_C, 107_GLU_A, 111_ALA_B, 70_PRO_C, 110_GLU_C, 104_GLU_B, 112_LYS_C, 140_ASP_B, 70_PRO_A, 141_TYR_B, 104_GLU_A, 67_GLN_C, 71_SER_C, 108_GLY_B, 111_ALA_A, 111_ALA_C, 70_PRO_B, 65_LYS_A, 68_GLY_C, 108_GLY_C, 24_GLY_C, 113_PRO_B, 23_GLU_A, 105_THR_C, 107_GLU_C, 71_SER_A, 109_ALA_B, 141_TYR_A, 141_TYR_C, 24_GLY_A, 108_GLY_A, 104_GLU_C"
4O38,"56_GLU_B, 183_ASN_B, 62_SER_B, 124_GLU_B, 65_GLU_B, 63_GLY_B, 64_ARG_B, 125_LEU_B, 58_GLN_B, 127_LYS_B, 59_ASP_B, 60_VAL_B, 43_ARG_B, 44_ARG_B, 184_GLN_B, 41_ARG_B, 61_GLY_B"
3FCU,"215_HIS_A, 218_SER_A, 80_GLY_A, 157_GLU_A, 217_SER_A, 78_ASN_A, 147_ARG_A, 117_GLU_A, 213_LEU_A, 206_SER_A, 79_VAL_A, 77_ARG_A, 76_THR_A, 82_GLN_A, 209_PRO_A, 149_ASN_A, 219_GLN_A, 211_ILE_A, 216_VAL_A, 144_SER_A, 158_ASN_A, 153_ARG_A, 151_LEU_A, 81_SER_A, 205_SER_A, 214_TRP_A, 84_LEU_A, 210_GLY_A, 154_ILE_A, 162_TRP_A, 120_GLU_A, 202_ASP_A, 208_ARG_A, 145_PRO_A"
1P53,"415_GLY_A, 379_ASN_A, 367_TYR_A, 393_GLN_A, 399_LEU_A, 377_PRO_A, 389_THR_A, 395_TRP_A, 391_MET_A, 372_ASP_A, 414_ILE_A, 341_SER_A, 374_ARG_A, 373_GLU_A, 394_ALA_A, 396_GLY_A, 375_ASP_A, 336_GLU_A, 380_TRP_A, 392_CYS_A"
1TAQ,"314_LYS_A, 511_LYS_A, 460_SER_A, 485_ASN_A, 570_ALA_A, 546_ILE_A, 728_ARG_A, 475_PHE_A, 484_LEU_A, 481_PRO_A, 313_ARG_A, 388_GLU_A, 548_PRO_A, 541_LEU_A, 568_ALA_A, 392_ARG_A, 583_ASN_A, 464_ALA_A, 398_TRP_A, 569_THR_A, 580_ASN_A, 399_THR_A, 383_SER_A, 467_ILE_A, 385_THR_A, 547_ASP_A, 400_GLU_A, 482_PHE_A, 512_ARG_A, 732_ASP_A, 516_ALA_A, 486_SER_A, 386_THR_A, 506_THR_A, 315_GLU_A, 532_ILE_A, 543_SER_A, 515_SER_A, 545_TYR_A, 471_GLU_A, 578_ASP_A, 352_LEU_A, 382_PRO_A, 535_TYR_A, 565_ASN_A, 542_LYS_A, 536_ARG_A, 507_GLU_A, 397_GLU_A, 539_THR_A, 544_THR_A, 483_ASN_A"
6RQJ,"51_ASP_B, 76_GLU_B, 53_THR_B, 62_LYS_B, 50_PHE_B, 107_VAL_B, 108_SER_B, 71_VAL_B, 110_HIS_B, 52_ALA_B, 74_SER_B, 48_GLU_B, 57_LYS_B, 47_THR_B, 72_HIS_B, 109_LYS_B, 70_HIS_B, 49_ALA_B"
2R7E,"2201_ALA_B, 2251_LEU_B, 2315_HIS_B, 2316_GLN_B, 2220_ARG_B, 2250_SER_B, 2255_MET_B, 2196_PHE_B, 2215_ARG_B, 2253_THR_B, 2199_MET_B, 2198_ASN_B, 2197_THR_B, 2222_GLN_B, 2200_PHE_B, 2223_VAL_B, 2203_TRP_B, 2252_LEU_B"
1SHY,"611_SER_A, 499_ILE_A, 615_TYR_A, 592_ASP_A, 497_ASN_A, 633_HIS_A, 685_ARG_A, 635_TYR_A, 683_LYS_A, 500_PRO_A, 613_SER_A, 678_VAL_A, 680_GLU_A, 502_ARG_A, 501_THR_A, 505_ILE_A, 498_GLY_A"
3NF1,"402_THR_A, 387_LEU_A, 360_TYR_A, 403_LEU_A, 406_GLU_A, 371_THR_A, 410_ARG_A, 359_GLU_A, 375_PRO_A, 370_GLN_A, 334_ASP_A, 367_GLU_A, 366_LEU_A, 391_TYR_A, 384_LYS_A, 399_GLN_A, 364_ARG_A, 363_GLN_A, 368_ILE_A"
1LX5,"59_CYS_B, 56_LYS_B, 60_TRP_B, 83_PHE_B, 64_ILE_B, 81_VAL_B, 61_LEU_B, 42_PHE_B, 21_ASP_B, 67_TYR_B, 65_ASN_B, 20_ARG_B, 63_ASP_B, 55_VAL_B, 62_ASP_B, 36_ASP_B"
1ILK,"78_PRO_A, 130_LYS_A, 125_LYS_A, 134_LYS_A, 75_GLU_A, 128_PHE_A, 136_ILE_A, 71_PHE_A, 133_GLU_A, 74_GLU_A, 79_GLN_A, 131_LEU_A, 137_TYR_A, 83_GLN_A, 82_ASN_A, 129_ASN_A, 132_GLN_A, 39_MET_A"
1D4V,"114_LEU_A, 150_PRO_A, 91_GLY_A, 92_ARG_A, 90_ASP_A, 106_HIS_A, 88_SER_A, 115_ARG_A, 87_ILE_A, 151_GLU_A, 152_MET_A, 109_ASP_A, 113_CYS_A, 89_GLU_A, 111_LEU_A, 112_PHE_A, 110_LEU_A, 102_ASP_A"
3RRR,"383_ASN_F, 381_LEU_F, 380_ASN_F, 312_PRO_F, 31_GLU_E, 266_ILE_D, 269_ASP_D, 263_ASP_D, 267_THR_D, 268_ASN_D, 259_SER_D, 344_ASP_F, 42_LYS_E, 314_TRP_F, 377_SER_F, 262_ASN_D, 264_MET_D, 33_TYR_E, 272_LYS_D, 390_LYS_F, 271_LYS_D, 384_VAL_F, 378_GLU_F, 265_PRO_D, 35_SER_E"
4ZT1,"152_SER_A, 201_LEU_A, 103_ASP_A, 200_GLY_A, 202_SER_A, 105_LYS_A, 160_LYS_A, 190_VAL_A, 107_GLU_A, 204_THR_A, 156_GLU_A, 153_GLN_A, 154_ASP_A, 12_ASN_A, 151_LEU_A, 161_ASN_A, 203_THR_A, 104_ASN_A"
1IHM,"2286_HIS_B, 3317_PRO_C, 3303_GLU_C, 1398_SER_A, 2316_ALA_B, 3391_LYS_C, 1381_HIS_A, 2446_ALA_B, 2264_GLN_B, 2279_THR_B, 3381_HIS_C, 2394_ASN_B, 3500_VAL_C, 2318_ILE_B, 3315_PRO_C, 1361_ALA_A, 1385_SER_A, 1394_ASN_A, 2310_HIS_B, 2280_THR_B, 3379_PRO_C, 2391_LYS_B, 1350_ASP_A, 3396_GLY_C, 3280_THR_C, 3382_PRO_C, 3325_GLY_C, 2347_THR_B, 3312_PHE_C, 3449_GLN_C, 1297_THR_A, 3347_THR_C, 2404_HIS_B, 1380_SER_A, 2381_HIS_B, 2275_ARG_B, 3276_LEU_C, 2283_SER_B, 3308_PRO_C, 2273_ASP_B, 2278_GLY_B, 3405_LEU_C, 3397_SER_C, 2352_PHE_B, 3282_VAL_C, 2309_PHE_B, 2237_PRO_B, 3399_ILE_C, 2397_SER_B, 2353_VAL_B, 2236_LEU_B, 3406_ALA_C, 1360_GLN_A, 3274_GLY_C, 3316_ALA_C, 2235_ASN_B, 3311_PRO_C, 3467_GLY_C, 3463_ASP_C, 2399_ILE_B, 3278_GLY_C, 3273_ASP_C, 2315_PRO_B, 1348_THR_A, 2305_ASP_B, 2500_VAL_B, 3263_VAL_C, 3237_PRO_C, 2393_PRO_B, 2348_THR_B, 3348_THR_C, 3236_LEU_C, 3235_ASN_C, 3498_ASN_C, 2498_ASN_B, 3400_THR_C, 3240_SER_C, 2379_PRO_B, 3466_THR_C, 2466_THR_B, 3393_PRO_C, 1383_SER_A, 2406_ALA_B, 3408_SER_C, 3394_ASN_C, 3353_VAL_C, 2463_ASP_B, 2349_PRO_B, 3277_VAL_C, 2396_GLY_B, 2449_GLN_B, 2313_GLU_B, 3305_ASP_C, 3309_PHE_C, 2281_PRO_B, 1347_THR_A, 1349_PRO_A, 3310_HIS_C, 3464_PRO_C, 3318_ILE_C, 2274_GLY_B, 3314_GLY_C, 3352_PHE_C, 1362_ASN_A, 2467_GLY_B, 2398_SER_B, 1351_THR_A, 3404_HIS_C, 3398_SER_C, 2350_ASP_B, 3313_GLU_C, 3350_ASP_C, 2400_THR_B, 3446_ALA_C, 2277_VAL_B, 2308_PRO_B, 2325_GLY_B, 2276_LEU_B, 3392_ILE_C, 2405_LEU_B, 3275_ARG_C, 3264_GLN_C, 2462_VAL_B, 3465_ASP_C, 1397_SER_A, 2382_PRO_B, 2464_PRO_B, 2312_PHE_B, 1346_ASP_A, 3385_SER_C, 3239_SER_C, 2465_ASP_B, 2346_ASP_B, 2317_PRO_B, 2392_ILE_B, 2303_GLU_B, 2239_SER_B, 2408_SER_B, 2240_SER_B, 3281_PRO_C, 2311_PRO_B, 1384_GLY_A, 1352_PHE_A, 1396_GLY_A, 1382_PRO_A, 3307_THR_C, 3279_THR_C, 2262_SER_B, 3262_SER_C, 2307_THR_B, 3349_PRO_C, 2282_VAL_B, 2401_GLU_B, 2314_GLY_B"
1BR6,"154_TYR_A, 142_GLY_A, 150_ALA_A, 143_PRO_A, 159_THR_A, 149_SER_A, 67_GLU_A, 94_HIS_A, 194_TYR_A, 66_ALA_A, 23_ASN_A, 95_PRO_A, 18_VAL_A, 195_ASN_A, 138_GLU_A, 145_GLU_A, 91_TYR_A, 17_THR_A, 20_SER_A, 160_GLN_A, 118_ALA_A, 193_ARG_A, 153_TYR_A, 163_THR_A, 68_LEU_A, 192_ILE_A, 116_THR_A, 119_PHE_A, 141_ASN_A, 197_ARG_A, 101_ALA_A, 16_ALA_A, 113_ASN_A, 114_ARG_A, 158_GLY_A, 115_TYR_A, 65_HIS_A, 117_PHE_A, 19_GLN_A, 157_GLY_A, 15_GLY_A, 146_GLU_A, 112_GLN_A"
2BQQ,"136_VAL_A, 93_ASP_A, 96_ASN_A, 134_ASP_A, 64_TYR_A, 62_ASP_A, 63_ARG_A, 135_ASP_A, 95_ILE_A, 132_PHE_A, 94_ASN_A, 60_ASN_A, 130_ASP_A"
2HEV,"119_TYR_R, 97_GLN_R, 86_TRP_R, 81_CYS_R, 90_ARG_R, 98_LEU_R, 142_LYS_R, 117_ASP_R, 141_CYS_R, 88_ASN_R, 99_CYS_R, 70_GLY_R, 114_GLN_R, 143_PRO_R, 83_PRO_R, 125_CYS_R, 96_LYS_R, 115_PRO_R, 89_LEU_R, 116_LEU_R, 68_GLY_R, 140_ALA_R, 130_PRO_R, 128_CYS_R, 95_ARG_R, 127_PRO_R, 100_THR_R, 94_GLU_R, 126_ALA_R, 132_HIS_R, 71_PHE_R, 123_VAL_R, 118_SER_R, 124_ASP_R, 87_CYS_R, 129_PRO_R, 69_PRO_R, 91_SER_R"
6J5C,"309_LYS_A, 387_GLU_A, 332_PHE_A, 313_ALA_A, 333_SER_A, 305_THR_A, 308_ASP_A, 336_LYS_A, 334_GLY_A, 311_LYS_A, 331_THR_A, 310_SER_A, 335_SER_A, 312_PHE_A"
1URZ,"309_LYS_A, 387_GLU_A, 332_PHE_A, 333_SER_A, 305_THR_A, 308_ASP_A, 336_LYS_A, 334_GLY_A, 335_THR_A, 310_THR_A, 313_THR_A, 311_LYS_A, 312_PHE_A"
4TW1,"74_TRP_G, 211_ASP_G, 206_ASN_G, 210_LYS_G, 264_ARG_G, 73_TYR_G, 262_TRP_G, 71_ASN_G, 208_TRP_G, 207_LEU_G, 267_PHE_G"
6L8Q,"576_GLN_B, 90_ASN_A, 543_LYS_B, 522_GLN_B, 679_LYS_A, 97_GLY_C, 98_HIS_A, 579_THR_B, 91_SER_A, 401_ARG_B, 95_GLN_A, 405_THR_B, 117_ASN_A, 535_TRP_B, 529_ILE_B, 145_ARG_A, 138_ARG_A, 530_VAL_B, 99_SER_C, 117_ASN_C, 72_ASN_A, 403_VAL_B, 116_TYR_A, 94_ASP_A, 138_ARG_C, 539_ASP_B, 98_HIS_C, 519_ASN_B, 89_GLU_A, 527_VAL_B, 95_GLN_C, 116_TYR_C, 139_GLN_A, 400_LYS_B, 532_SER_B, 133_TYR_A, 548_LEU_B, 536_GLU_B, 91_SER_C, 442_ILE_B, 398_ASN_B, 97_GLY_A, 139_GLN_C, 241_ASP_A, 521_ASN_B, 241_ASP_C, 140_LEU_A, 541_TYR_B, 544_GLN_B, 549_GLU_B, 528_SER_B, 89_GLU_C, 96_PHE_C, 133_TYR_C, 140_LEU_C, 496_LYS_B, 96_PHE_A, 542_ARG_B, 679_LYS_C, 94_ASP_C, 90_ASN_C, 540_TYR_B, 99_SER_A, 145_ARG_C, 531_PRO_B"
4GSX,"325_LYS_A, 313_ALA_A, 389_LEU_A, 387_LEU_A, 349_GLY_A, 301_MET_A, 298_SER_A, 379_VAL_A, 332_PRO_A, 361_LYS_A, 372_PRO_A, 364_PRO_A, 311_GLU_A, 304_GLY_A, 309_GLU_A, 326_TYR_A, 342_GLU_A, 343_LYS_A, 391_TRP_A, 368_GLU_A, 346_THR_A, 362_GLU_A, 305_SER_A, 338_SER_A, 350_ARG_A, 386_ALA_A, 331_ALA_A, 328_GLY_A, 330_ASP_A, 299_TYR_A, 306_PHE_A, 323_GLN_A, 319_THR_A, 388_LYS_A, 321_LEU_A, 339_SER_A, 308_LEU_A, 312_VAL_A, 371_PRO_A, 329_THR_A, 300_VAL_A, 354_ALA_A, 363_LYS_A, 390_SER_A, 335_ILE_A, 327_GLU_A, 302_CYS_A, 314_GLU_A, 370_GLU_A, 336_PRO_A, 317_HIS_A, 383_GLY_A, 340_GLN_A, 334_LYS_A, 307_LYS_A, 352_ILE_A, 351_LEU_A, 315_THR_A, 384_GLU_A, 337_PHE_A, 345_VAL_A, 366_ASN_A, 310_LYS_A, 360_ASP_A, 385_LYS_A, 347_GLN_A, 382_ALA_A, 303_THR_A, 344_GLY_A, 316_GLN_A"
3K2O,"61_GLU_A, 57_GLU_A, 158_ASP_A, 291_SER_A, 326_LEU_A, 319_GLU_A, 323_LEU_A, 58_GLU_A, 65_ARG_A, 322_GLU_A, 62_ARG_A, 55_SER_A, 53_GLN_A, 320_HIS_A"
6CGV,"182_GLU_A, 181_LYS_A, 191_GLN_A, 193_PRO_A, 192_THR_A, 180_THR_A, 195_TYR_A, 178_ASN_A, 278_ASP_A"
1KDB,"70_LYS_A, 64_LYS_A, 57_GLU_A, 95_ASP_A, 127_LYS_A, 98_MET_A, 96_GLY_A, 120_THR_A, 68_ASN_A, 135_GLU_A, 124_HIS_A, 106_GLN_A, 61_PHE_A, 105_ARG_A, 97_LYS_A, 60_ALA_A, 9_LYS_A, 121_HIS_A"
4XAJ,"67_ASP_A, 213_SER_A, 262_GLY_A, 155_GLU_A, 342_TRP_A, 43_ASP_A, 152_ASN_A, 46_GLU_A, 157_TYR_A, 236_ASN_A, 154_GLN_A, 332_MET_A, 232_TRP_A, 212_TYR_A, 216_GLU_A, 211_ASP_A, 158_PHE_A, 113_GLU_A, 41_HIS_A, 239_THR_A, 64_TRP_A, 65_ALA_A, 235_SER_A, 68_ARG_A, 15_GLY_A, 214_ILE_A, 16_ASP_A"
1R4P,"14_ASN_F, 15_GLU_B, 54_SER_C, 15_GLU_F, 64_GLU_F, 29_TRP_D, 31_SER_E, 14_ASN_E, 60_SER_B, 31_SER_F, 57_GLU_D, 59_GLY_B, 15_GLU_E, 63_ALA_C, 57_GLU_E, 12_LYS_C, 61_GLY_D, 54_SER_E, 32_ARG_B, 12_LYS_F, 53_SER_D, 14_ASN_D, 61_GLY_C, 53_SER_C, 20_THR_D, 1_ALA_F, 1_ALA_C, 18_THR_D, 57_GLU_B, 63_ALA_F, 20_THR_E, 12_LYS_D, 16_ASP_C, 15_GLU_D, 53_SER_F, 62_PHE_D, 18_THR_E, 31_SER_C, 57_GLU_F, 12_LYS_E, 16_ASP_D, 62_PHE_F, 59_GLY_C, 61_GLY_F, 57_GLU_C, 18_THR_C, 29_TRP_E, 16_ASP_B, 59_GLY_F, 16_ASP_F, 18_THR_F, 55_THR_D, 29_TRP_C, 31_SER_B, 55_THR_F, 62_PHE_E, 54_SER_B, 55_THR_B, 63_ALA_E, 61_GLY_B, 30_THR_B, 16_ASP_E, 29_TRP_F, 31_SER_D, 30_THR_D, 30_THR_E, 18_THR_B, 61_GLY_E, 20_THR_C, 32_ARG_E, 14_ASN_C, 14_ASN_B, 54_SER_D, 62_PHE_B, 32_ARG_D, 53_SER_B, 62_PHE_C, 59_GLY_E, 20_THR_F, 54_SER_F, 53_SER_E, 29_TRP_B, 30_THR_F, 32_ARG_F, 55_THR_E, 59_GLY_D, 55_THR_C, 32_ARG_C, 58_SER_B"
1CN4,"153_HIS_A, 60_GLU_B, 114_HIS_B, 95_PRO_B, 91_SER_A, 34_GLU_B, 62_GLU_B, 87_THR_B, 94_VAL_B, 203_PRO_B, 61_ASP_A, 117_GLU_A, 89_ASP_B, 152_SER_A, 93_PHE_B, 33_LEU_A, 89_ASP_A, 88_ALA_B, 95_PRO_A, 114_HIS_A, 87_THR_A, 59_LEU_A, 202_GLU_B, 88_ALA_A, 204_SER_B, 204_SER_A, 33_LEU_B, 200_MET_A, 92_SER_B, 94_VAL_A, 59_LEU_B, 150_MET_A, 91_SER_B, 34_GLU_A, 61_ASP_B, 93_PHE_A, 153_HIS_B, 205_PHE_A, 149_PRO_B, 60_GLU_A, 117_GLU_B, 90_THR_A, 150_MET_B, 152_SER_B, 90_THR_B, 149_PRO_A, 62_GLU_A, 92_SER_A, 203_PRO_A, 202_GLU_A, 205_PHE_B"
2LJM,"39_ASP_A, 60_PHE_A, 31_GLU_A, 35_LEU_A, 58_TYR_A, 81_CYS_A, 44_GLU_A, 33_LEU_A, 38_ASN_A, 59_ALA_A, 28_CYS_A, 30_TYR_A, 26_THR_A, 40_TYR_A, 32_CYS_A, 61_ALA_A, 43_ARG_A, 29_LYS_A, 34_LYS_A, 23_SER_A"
3MWR,"111_GLU_A, 71_ASN_A, 76_TYR_A, 59_SER_A, 115_TYR_A, 73_TYR_A, 64_ALA_A, 63_VAL_A, 112_GLY_A, 61_LYS_A, 69_GLN_A, 60_GLN_A, 70_THR_A, 62_ASN_A"
1KJ2,"51_SER_B, 1_GLN_A, 95_GLN_A, 103_ALA_A, 45_TRP_B, 54_ASP_B, 50_ARG_B, 106_PHE_A, 96_GLY_A, 44_GLN_B, 98_PRO_B, 25_GLU_A, 31_TRP_B, 43_LEU_B, 2_GLN_A, 107_GLY_A, 58_LYS_B, 26_ASP_A, 101_ARG_A, 97_GLY_A, 60_LEU_B, 94_TYR_A, 57_VAL_B, 56_GLU_B, 100_TRP_B, 42_GLN_B, 61_PRO_B, 59_SER_B"
3MBW,"73_MET_A, 72_VAL_A, 109_PRO_A, 188_CYS_A, 57_ASN_A, 156_PHE_A, 108_PHE_A, 189_VAL_A, 157_GLU_A, 66_MET_A, 153_SER_A, 68_SER_A, 103_ARG_A, 159_ARG_A, 70_CYS_A, 107_SER_A"
2W2D,"32_PRO_A, 142_GLY_A, 14_VAL_A, 29_GLN_A, 141_ASP_A, 138_ILE_A, 30_MET_A, 31_GLN_A, 523_ASP_B, 522_SER_B, 23_LYS_A, 140_PRO_A, 21_TYR_A"
6BTV,"10_ASP_A, 33_LEU_A, 12_LYS_A, 24_ARG_A, 28_TRP_A, 26_ASP_A, 9_CYS_A, 11_PRO_A, 32_TYR_A, 30_LYS_A, 27_ARG_A, 25_ARG_A, 23_SER_A, 21_THR_A, 8_SER_A"
3HH2,"83_ASN_B, 85_LEU_A, 38_TYR_A, 87_PHE_B, 94_ILE_A, 34_ALA_A, 95_TYR_B, 94_ILE_B, 35_PRO_B, 95_TYR_A, 25_GLU_B, 33_ILE_A, 32_ILE_A, 92_GLN_A, 25_GLU_A, 31_TRP_B, 97_LYS_B, 91_GLU_B, 35_PRO_A, 97_LYS_A, 36_LYS_A, 83_ASN_A, 90_LYS_B, 33_ILE_B, 34_ALA_B, 30_ASP_B, 30_ASP_A, 31_TRP_A, 85_LEU_B, 91_GLU_A, 87_PHE_A, 93_ILE_B, 36_LYS_B, 93_ILE_A, 92_GLN_B"
2G7C,"226_TYR_A, 197_ARG_A, 179_PRO_A, 176_TYR_A, 201_LEU_A, 222_ASN_A, 181_ASN_A, 202_LEU_A, 200_HIS_A, 199_LEU_A, 198_PHE_A, 203_GLY_A, 194_TYR_A, 180_ALA_A, 165_ILE_A, 252_VAL_A, 182_THR_A"
4AHG,"85_GLY_A, 93_GLN_A, 37_SER_A, 38_PRO_A, 41_ASP_A, 90_PRO_A, 88_PRO_A, 91_PRO_A, 87_SER_A, 36_THR_A, 40_LYS_A, 89_TRP_A, 34_GLY_A, 35_LEU_A, 39_CYS_A, 86_GLY_A, 12_GLN_A, 83_LEU_A"
2MVX,"5_ARG_A, 6_HIS_A, 2_ALA_A, 7_ASP_A, 1_ASP_A, 8_SER_A, 10_TYR_A, 4_PHE_A, 3_GLU_A"
3TGQ,"122_LEU_A, 219_ALA_A, 78_ASP_A, 491_ILE_A, 224_ALA_A, 421_LYS_A, 245_VAL_A, 434_MET_A, 120_VAL_A, 492_GLU_A, 71_THR_A, 84_VAL_A, 246_GLN_A, 432_LYS_A, 79_PRO_A, 436_ALA_A, 73_ALA_A, 369_PRO_A, 205_CYS_A, 204_ALA_A, 82_GLN_A, 203_GLN_A, 72_HIS_A, 74_CYS_A, 53_PHE_A, 435_TYR_A, 419_ARG_A, 422_GLN_A, 423_ILE_A, 244_THR_A, 76_PRO_A, 198_GLY_A, 75_VAL_A, 119_CYS_A, 200_VAL_A, 220_PRO_A, 80_ASN_A, 202_THR_A, 221_ALA_A, 437_PRO_A, 223_PHE_A"
1B9C,"101_LYS_A, 178_LEU_A, 164_ASN_A, 165_PHE_A, 198_ASN_A, 166_LYS_A, 227_ALA_A, 153_THR_A, 182_TYR_A, 151_TYR_A, 163_ALA_A, 148_HIS_A, 149_ASN_A, 152_ILE_A, 162_LYS_A, 147_SER_A, 181_HIS_A, 228_GLY_A, 200_TYR_A, 180_ASP_A, 199_HIS_A"
1ALU,"178_LEU_A, 184_MET_A, 27_LYS_A, 176_SER_A, 20_THR_A, 22_SER_A, 40_ARG_A, 30_ARG_A, 33_LEU_A, 75_GLN_A, 171_LYS_A, 74_PHE_A, 179_ARG_A, 78_PHE_A, 73_CYS_A, 80_GLU_A, 67_MET_A, 37_SER_A, 26_ASP_A, 129_LYS_A, 182_ARG_A, 34_ASP_A, 164_HIS_A, 183_GLN_A, 23_GLU_A, 168_ARG_A, 69_GLU_A, 175_GLN_A, 21_SER_A, 172_GLU_A, 76_SER_A"
3PV6,"203_MET_A, 92_GLY_A, 115_GLU_A, 74_LYS_A, 90_ARG_A, 76_VAL_A, 87_GLU_A, 91_PRO_A, 72_PHE_A, 116_GLU_A, 67_TRP_A, 41_ASN_A, 110_PRO_A, 88_ALA_A, 113_GLN_A, 75_GLU_A, 111_GLY_A, 89_PHE_A"
1M9S,"126_PHE_A, 84_ASN_A, 168_SER_A, 238_PHE_A, 234_VAL_A, 236_GLU_A, 192_SER_A, 106_ASN_A, 233_ASP_A, 82_ILE_A, 124_TRP_A, 104_PHE_A, 80_GLN_A, 167_GLU_A, 189_ASP_A, 211_GLN_A, 170_TYR_A, 102_LYS_A, 194_GLU_A, 190_THR_A, 212_ASN_A, 214_TYR_A"
6O22,"23_GLU_D, 16_ALA_D, 62_VAL_D, 25_GLU_D, 61_LEU_D, 66_PRO_D, 21_PRO_D, 12_LEU_D, 17_LYS_D, 9_ILE_D, 118_ASP_D, 73_VAL_D, 72_PHE_D, 136_VAL_D, 14_ASN_D, 71_LYS_D, 70_ASN_D, 141_ALA_D, 20_ASP_D, 11_VAL_D, 13_ASN_D, 64_PRO_D, 28_PHE_D, 75_SER_D, 60_ILE_D, 63_GLY_D, 15_PRO_D, 10_LYS_D"
1UEX,"664_LEU_C, 660_LYS_C, 631_SER_C, 629_ARG_C, 633_ASN_C, 628_GLN_C, 658_ASN_C, 639_GLN_C, 591_VAL_C, 643_LYS_C, 634_PHE_C, 627_PRO_C, 625_GLN_C, 635_VAL_C, 661_GLN_C, 632_ARG_C, 636_ARG_C"
2UZX,"332_GLN_B, 368_LYS_B, 337_LEU_B, 339_ASP_B, 426_ARG_B, 336_SER_B, 334_GLY_B, 328_GLN_B, 446_ILE_B, 331_ARG_B, 469_ARG_B, 449_ASP_B, 335_ALA_B, 338_ASN_B, 333_ILE_B, 369_TYR_B, 326_GLY_B, 327_ALA_B, 448_GLY_B"
3QD6,"30_GLN_S, 52_THR_S, 36_GLN_S, 45_GLN_S, 91_VAL_S, 81_LYS_S, 54_PHE_S, 71_TRP_S, 96_THR_S, 42_GLN_S, 23_PRO_S, 55_THR_S, 21_GLU_S, 22_PRO_S, 29_LYS_S, 92_GLN_S, 99_THR_S, 83_CYS_S, 57_THR_S, 35_SER_S, 64_GLU_S, 98_GLU_S, 56_GLU_S, 27_ARG_S, 63_GLY_S, 62_CYS_S, 93_GLN_S, 51_CYS_S, 80_HIS_S, 82_TYR_S, 37_CYS_S, 94_LYS_S, 66_GLU_S, 53_GLU_S, 65_SER_S, 59_CYS_S, 39_SER_S"
3BT1,"114_GLN_U, 269_SER_U, 118_PRO_U, 191_GLY_U, 187_LEU_U, 58_ARG_U, 113_LEU_U, 217_GLY_U, 220_ASN_U, 190_ASN_U, 218_PRO_U, 89_ARG_U, 94_GLU_U, 193_GLN_U, 92_TYR_U, 192_ARG_U, 112_SER_U, 185_GLU_U, 188_PRO_U, 90_SER_U, 267_THR_U, 91_ARG_U, 174_THR_U, 189_GLN_U, 116_ARG_U, 268_LYS_U, 186_ASN_U"
2LMS,"32_ASP_A, 29_CYS_A, 145_ALA_A, 41_GLU_A, 22_ARG_A, 35_ASP_A, 142_VAL_A, 153_LEU_A, 30_LEU_A, 144_ARG_A, 27_PHE_A, 26_LEU_A, 152_SER_A, 141_GLU_A, 125_ARG_A, 34_HIS_A, 25_SER_A, 40_GLN_A, 148_MET_A, 31_LYS_A, 24_ILE_A, 37_GLY_A, 33_ARG_A, 19_ALA_A, 149_ARG_A, 146_GLU_A"
3NJP,"443_LYS_A, 473_ASN_A, 417_VAL_A, 472_GLU_A, 409_HIS_A, 412_PHE_A, 419_LEU_A, 468_SER_A, 349_PRO_A, 384_GLN_A, 441_GLY_A, 408_GLN_A, 466_ILE_A, 385_ALA_A, 418_SER_A, 348_LEU_A, 415_ALA_A, 464_THR_A, 465_LYS_A, 469_ASN_A, 467_ILE_A"
2FKG,"45_GLU_A, 37_GLU_A, 119_LYS_A, 95_GLY_A, 299_LYS_A, 298_SER_A, 284_ALA_A, 118_ASP_A, 68_ASP_A, 117_LYS_A, 318_ASP_A, 93_ASP_A, 319_SER_A, 71_ASN_A, 322_THR_A, 52_TYR_A, 70_ASN_A, 94_LEU_A, 46_LYS_A, 277_ALA_A, 32_VAL_A, 42_VAL_A, 69_LYS_A, 35_PRO_A, 30_VAL_A, 295_THR_A, 44_LYS_A, 280_LYS_A, 283_ALA_A, 297_ASN_A, 43_SER_A, 92_ASP_A, 276_SER_A, 34_LEU_A, 275_SER_A, 282_THR_A, 321_GLY_A, 33_ASP_A, 36_GLY_A, 278_ALA_A, 320_ASN_A"
1CM2,"72_LYS_A, 41_SER_A, 68_GLU_A, 34_THR_A, 66_GLU_A, 4_GLN_A, 3_GLN_A, 67_GLY_A, 64_SER_A, 1_MET_A, 76_HIS_A, 71_GLN_A, 2_PHE_A, 75_GLU_A, 70_GLU_A"
5OMZ,"101_LYS_A, 77_ASN_A, 41_THR_A, 38_TYR_A, 37_GLN_A, 75_THR_A, 76_GLU_A, 39_ALA_A, 18_PHE_A, 74_SER_A, 23_ILE_A, 103_THR_A, 20_PHE_A, 99_GLU_A, 22_LYS_A, 40_GLY_A, 100_LYS_A, 19_THR_A, 16_ALA_A, 102_ILE_A, 42_ASP_A, 17_ALA_A, 15_THR_A, 43_GLY_A"
3D7V,"317_GLU_A, 312_TRP_A, 307_VAL_A, 318_PHE_A, 205_ALA_A, 309_GLN_A, 174_LEU_A, 316_VAL_A, 311_GLY_A, 313_ASP_A, 322_GLU_A, 308_LYS_A, 314_GLY_A, 208_ARG_A, 310_ARG_A, 177_GLN_A, 320_HIS_A"
1JE6,"233_VAL_A, 234_LEU_A, 244_TRP_A, 238_ASN_A, 236_ASP_A, 242_GLN_A, 235_PRO_A, 210_ARG_A, 231_GLY_A, 232_ASP_A, 203_ARG_A, 243_THR_A, 237_GLY_A"
4BKD,"45_GLU_A, 52_THR_A, 70_ARG_A, 43_ASN_A, 44_ILE_A, 51_GLY_A, 72_ASP_A, 87_GLU_A, 47_ASN_A, 49_GLY_A, 53_ILE_A, 50_PRO_A, 97_LYS_A, 76_HIS_A, 42_GLU_A, 48_GLY_A, 46_GLY_A"
1DB2,"210_TYR_A, 351_GLU_A, 271_ARG_A, 270_PRO_A, 350_GLU_A, 269_LEU_A, 348_ALA_A, 345_ALA_A, 211_THR_A, 212_GLU_A, 347_MET_A, 220_TYR_A, 349_PRO_A, 346_ARG_A, 241_TYR_A"
5KQU,"65_TYR_A, 58_LEU_A, 133_TYR_A, 136_ASN_A, 64_GLY_A, 72_ASP_A, 134_TYR_A, 63_ILE_A, 59_TYR_A, 47_GLU_A, 69_GLU_A, 66_GLY_A, 45_ASP_A, 61_VAL_A, 46_HIS_A"
4AYE,"279_TYR_D, 255_ASN_D, 247_GLU_D, 248_HIS_D, 230_LYS_D, 280_ASN_D, 228_GLY_D, 257_ASP_D, 226_ASP_D, 250_LYS_D, 281_GLN_D, 246_ILE_D, 245_LYS_D, 256_VAL_D, 308_VAL_D, 225_ASP_D, 251_SER_D, 278_LEU_D, 252_PRO_D, 249_LEU_D"
6CUJ,"362_HIS_A, 356_ASP_A, 366_GLN_A, 361_LEU_A, 354_ILE_A, 340_PHE_A, 364_GLY_A, 365_THR_A, 425_GLU_A, 383_GLU_A, 343_LYS_A, 363_MET_A, 339_ARG_A, 367_LYS_A, 352_ASP_A, 322_GLU_A, 353_GLY_A, 337_ARG_A, 360_ASP_A, 320_ASN_A"
4K71,"113_ASN_B, 136_ALA_B, 88_TYR_B, 112_LEU_B, 82_LEU_B, 85_LYS_B, 84_GLY_B, 1_ILE_C, 129_GLY_B, 115_GLU_B, 133_GLU_B, 131_TRP_B, 85_VAL_C, 132_PRO_B, 86_GLY_B, 135_LEU_B, 2_GLN_C, 139_GLN_B, 83_GLY_B, 130_ASP_B"
5MKK,"552_GLU_B, 360_THR_B, 551_VAL_B, 543_ILE_B, 561_GLN_B, 558_SER_B, 555_THR_B, 362_PRO_B, 562_ALA_B, 554_GLY_B, 559_LEU_B, 550_ILE_B, 564_GLY_B, 541_TRP_B, 358_THR_B, 359_LEU_B, 553_GLU_B"
2B8H,"217_ASN_C, 221_ARG_D, 453_PHE_B, 93_THR_D, 392_GLN_A, 391_THR_C, 264_LEU_B, 221_ARG_C, 380_PRO_D, 266_TRP_C, 217_ASN_D, 254_ARG_B, 93_THR_B, 391_THR_A, 219_TRP_B, 453_PHE_D, 266_TRP_B, 217_ASN_A, 254_ARG_D, 452_GLU_A, 256_TYR_A, 392_GLN_B, 378_LYS_C, 266_TRP_A, 380_PRO_A, 217_ASN_B, 391_THR_B, 453_PHE_A, 263_ILE_C, 452_GLU_B, 219_TRP_A, 254_ARG_A, 378_LYS_A, 392_GLN_C, 263_ILE_B, 221_ARG_A, 380_PRO_C, 93_THR_A, 254_ARG_C, 453_PHE_C, 95_ASN_A, 266_TRP_D, 263_ILE_D, 256_TYR_C, 95_ASN_B, 219_TRP_D, 451_THR_A, 392_GLN_D, 263_ILE_A, 256_TYR_D, 358_GLY_C, 256_TYR_B, 452_GLU_D, 95_ASN_D, 451_THR_B, 452_GLU_C, 358_GLY_B, 221_ARG_B, 358_GLY_D, 264_LEU_A, 95_ASN_C, 378_LYS_D, 93_THR_C, 391_THR_D, 264_LEU_C, 451_THR_D, 358_GLY_A, 378_LYS_B, 219_TRP_C, 264_LEU_D, 380_PRO_B, 451_THR_C"
4C56,"142_ASN_I, 186_TYR_I, 123_GLY_I, 126_LEU_I, 226_LYS_I, 130_ARG_I, 131_SER_I, 145_SER_I, 233_TYR_I, 190_ILE_I, 139_ASP_I, 125_GLN_I, 141_LYS_I, 137_PHE_I, 140_GLY_I, 229_LYS_I, 128_LYS_I, 135_ARG_I, 149_GLN_I, 6_PRO_I, 188_LYS_I, 5_ASP_I, 192_ASN_I, 127_ASP_I, 153_LYS_I, 129_TYR_I, 8_PRO_I, 231_GLU_I"
3P5B,"535_SER_A, 547_GLY_A, 540_PRO_A, 557_HIS_A, 551_HIS_A, 544_ALA_A, 546_MET_A, 536_VAL_A, 537_HIS_A, 541_PRO_A, 539_ALA_A, 568_VAL_A, 545_SER_A, 553_HIS_A, 548_THR_A, 542_ALA_A, 567_GLU_A, 543_GLU_A, 555_GLN_A, 569_GLU_A, 538_THR_A, 593_GLU_A, 595_SER_A, 550_VAL_A, 554_GLN_A, 549_ARG_A, 580_ARG_A"
1OAN,"389_LEU_A, 387_LEU_A, 308_VAL_A, 176_THR_A, 274_SER_A, 177_GLY_A, 361_LYS_A, 311_GLU_A, 312_ILE_A, 364_PRO_A, 168_SER_A, 323_ARG_A, 174_GLU_A, 170_ILE_A, 305_LYS_A, 360_GLU_A, 161_GLU_A, 294_LEU_A, 391_TRP_A, 160_LYS_A, 291_LYS_A, 293_GLN_A, 306_PHE_A, 388_LYS_A, 386_GLN_A, 309_VAL_A, 179_GLY_A, 180_THR_A, 327_GLU_A, 162_VAL_A, 171_THR_A, 307_LYS_A, 325_GLN_A, 163_LYS_A, 173_ALA_A, 310_LYS_A, 390_ASN_A, 362_ASP_A, 172_GLU_A, 385_GLY_A"
2LZG,"100_TYR_A, 57_LEU_A, 72_GLN_A, 50_MET_A, 73_HIS_A, 93_VAL_A, 62_MET_A, 54_LEU_A, 67_TYR_A, 58_GLY_A, 61_ILE_A, 94_LYS_A, 96_HIS_A, 75_VAL_A, 99_ILE_A, 97_ARG_A"
2OMX,"16_PRO_B, 20_ASN_B, 63_THR_B, 14_LYS_B, 65_PRO_B, 67_ASP_B, 70_ARG_B, 52_ILE_B, 17_PHE_B, 13_GLU_B, 66_LEU_B, 48_VAL_B, 61_LYS_B, 47_PRO_B, 15_GLY_B, 64_GLU_B, 19_LYS_B, 59_TRP_B, 49_GLY_B, 12_ASN_B, 18_PRO_B"
4U0Q,"193_ILE_A, 202_LYS_A, 328_ILE_A, 340_PHE_A, 212_LYS_A, 331_ASP_A, 342_GLN_A, 216_ALA_A, 341_GLU_A, 213_ILE_A, 338_ASN_A, 343_LEU_A, 335_TYR_A, 339_LEU_A, 209_PHE_A, 334_ASN_A, 205_ALA_A, 337_THR_A, 344_SER_A"
5IUS,"126_ILE_A, 63_ASN_C, 130_PRO_A, 121_ALA_C, 68_VAL_C, 66_GLN_C, 133_GLN_A, 32_TRP_A, 123_TYR_C, 64_HIS_A, 31_PRO_A, 54_ILE_C, 59_THR_A, 66_VAL_A, 58_GLU_C, 113_ARG_C, 128_LEU_A, 127_SER_A, 62_LYS_C, 62_SER_A, 134_ILE_A, 120_GLY_C, 132_ILE_A, 61_ASP_C, 56_TYR_C, 63_PHE_A, 73_ASP_C, 125_ARG_C, 129_ALA_A, 131_LYS_A"
4MHI,"52_VAL_B, 122_GLN_A, 41_THR_D, 292_MET_A, 244_ASN_A, 45_ILE_D, 20_GLY_D, 19_ASP_B, 41_THR_B, 123_ILE_A, 39_ALA_C, 46_ASP_D, 21_TRP_B, 56_ILE_F, 45_ILE_B, 42_GLN_F, 167_SER_A, 19_ASP_F, 291_SER_C, 18_HIS_C, 166_ARG_A, 201_TYR_A, 56_ILE_D, 157_LYS_A, 19_ASP_D, 35_ALA_B, 21_TRP_F, 39_GLU_B, 172_ASN_A, 35_ALA_F, 318_THR_E, 40_GLN_A, 34_TYR_D, 20_GLY_B, 20_GLY_F, 153_LYS_F, 18_VAL_D, 38_LYS_D, 125_PRO_A, 246_GLU_A, 169_ASN_A, 39_GLU_D, 318_THR_C, 38_LYS_B, 293_PRO_A, 168_TYR_A, 35_ALA_D, 38_HIS_C, 18_VAL_F, 21_TRP_D, 45_ILE_F, 38_HIS_A, 40_GLN_C, 56_ILE_B, 41_THR_F, 127_TRP_A, 171_THR_A, 318_THR_A, 46_ASP_B, 125B_SER_A, 291_SER_A, 126_SER_A, 18_VAL_B, 207_SER_A, 42_GLN_B, 206_THR_A, 242_ALA_A, 38_HIS_E, 292_MET_C, 42_GLN_D, 40_GLN_E, 38_LYS_F, 128_SER_A, 121_ILE_A, 291_SER_E, 165_LYS_A"
6VWU,"181_TYR_A, 160_GLU_A, 144_ASP_A, 183_LEU_A, 186_GLY_A, 163_MET_A, 195_ASN_A, 179_SER_A, 165_ASN_A, 143_ASP_A, 161_GLY_A, 139_GLU_A, 258_HIS_A, 167_GLU_A, 185_THR_A, 140_LEU_A, 176_LYS_A, 142_ASP_A, 180_LEU_A, 194_ASP_A"
5HFM,"632_ASP_A, 578_ALA_A, 579_ARG_A, 646_ILE_A, 571_TRP_C, 570_VAL_C, 628_TRP_A, 633_LYS_B, 567_GLN_C, 573_ILE_C, 564_HIS_C, 576_LEU_C, 569_THR_A, 577_GLN_C, 577_GLN_A, 640_LYS_A, 568_LEU_C, 643_GLU_A, 573_ILE_A, 640_LYS_B, 563_GLN_A, 574_LYS_C, 650_GLN_A, 632_ASP_B, 567_GLN_A, 574_LYS_A, 576_LEU_A, 629_GLU_A, 571_TRP_A, 568_LEU_A, 569_THR_C, 639_THR_A, 560_GLU_C, 575_GLN_C, 636_GLU_B, 563_GLN_C, 560_GLU_A, 578_ALA_C, 643_GLU_B, 564_HIS_A, 636_GLU_A, 579_ARG_C, 575_GLN_A, 631_TRP_A"
2Q9S,"97_TRP_A, 131_ALA_A, 35_MET_A, 29_THR_A, 129_GLU_A, 28_ALA_A, 56_THR_A, 27_PHE_A, 30_ARG_A, 76_ASP_A, 11_VAL_A, 9_LYS_A, 37_LYS_A, 10_LEU_A, 32_VAL_A, 31_LYS_A, 23_VAL_A, 78_ARG_A, 25_VAL_A, 100_LYS_A, 57_PHE_A, 26_GLY_A, 77_ASP_A, 36_ALA_A, 98_ASP_A, 24_GLY_A"
2V8N,"374_GLU_A, 377_GLY_A, 378_PHE_A, 380_GLY_A, 249_SER_A, 252_ALA_A, 253_THR_A, 375_SER_A, 373_TYR_A, 379_GLN_A, 307_SER_A, 254_GLY_A, 42_LYS_A, 251_PHE_A, 376_ILE_A, 43_SER_A, 245_ASN_A, 248_THR_A, 250_PHE_A, 308_PHE_A, 310_THR_A, 309_ALA_A, 312_ALA_A, 311_SER_A"
2KN1,"13_PHE_A, 19_ALA_A, 25_LEU_A, 26_ARG_A, 18_HIS_A, 14_ASP_A, 31_THR_A, 29_SER_A, 24_GLN_A, 16_LEU_A, 28_SER_A, 20_CYS_A, 17_LEU_A, 12_TYR_A, 22_PRO_A, 21_ILE_A, 15_SER_A"
1N8Y,"186_GLU_C, 181_ASN_C, 145_MET_C, 176_PRO_C, 168_SER_C, 136_GLY_C, 165_THR_C, 144_ASP_C, 166_ASN_C, 167_ARG_C, 142_TYR_C, 172_PRO_C, 169_ARG_C, 174_CYS_C, 173_PRO_C, 138_PRO_C, 171_CYS_C, 170_ALA_C"
1C7P,"95_CYS_A, 90_ALA_A, 93_VAL_A, 76_ALA_A, 94_ALA_A, 97_LYS_A, 20_TYR_A, 101_ARG_A, 15_LEU_A, 91_ASP_A, 14_ARG_A, 79_LEU_A, 77_CYS_A, 98_ARG_A, 78_HIS_A, 83_ALA_A, 16_GLY_A"
3WE1,"647_GLU_A, 595_GLN_A, 669_HIS_A, 589_LYS_A, 606_GLU_A, 641_ASN_A, 643_VAL_A, 667_THR_A, 639_ASN_A, 670_TRP_A, 590_GLU_A, 594_THR_A, 607_GLY_A, 640_THR_A, 584_LYS_A, 596_HIS_A, 668_LEU_A, 645_ASN_A, 665_ALA_A, 649_GLU_A, 600_VAL_A, 664_SER_A, 642_SER_A, 587_ILE_A, 586_SER_A, 593_GLU_A, 604_LYS_A, 666_LEU_A, 632_SER_A, 591_MET_A, 602_LYS_A, 631_ILE_A, 588_ASP_A, 585_PHE_A, 592_ALA_A, 598_THR_A, 608_ALA_A"
5O4E,"90_HIS_E, 79_GLN_E, 82_ARG_F, 88_GLY_F, 84_LYS_E, 83_ILE_E, 18_MET_F, 65_GLY_F, 86_HIS_F, 64_GLU_F, 80_ILE_E, 81_MET_F, 87_GLN_F, 63_ASP_F, 66_LEU_F, 93_GLU_F, 84_LYS_F, 88_GLY_E, 64_GLU_E, 48_LYS_E, 16_LYS_F, 25_TYR_F, 17_PHE_F, 91_ILE_F, 65_GLY_E, 21_TYR_E, 21_TYR_F, 90_HIS_F, 79_GLN_F, 63_ASP_E, 82_ARG_E, 86_HIS_E, 85_PRO_F, 91_ILE_E, 62_ASN_E, 89_GLN_E, 106_PRO_E, 18_MET_E, 25_TYR_E, 42_GLU_E, 93_GLU_E, 45_TYR_E, 94_MET_F, 46_ILE_F, 22_GLN_E, 106_PRO_F, 48_LYS_F, 62_ASN_F, 94_MET_E, 81_MET_E, 83_ILE_F, 92_GLY_E, 85_PRO_E, 45_TYR_F, 92_GLY_F, 89_GLN_F, 87_GLN_E, 66_LEU_E, 22_GLN_F, 39_TYR_E"
4KJY,"104_GLU_A, 27_ASN_A, 37_TYR_A, 49_THR_A, 53_ALA_A, 3_LEU_A, 54_LEU_A, 46_ASP_A, 51_ASP_A, 39_LYS_A, 35_GLU_A, 101_LEU_A, 103_ARG_A, 59_VAL_A, 56_LYS_A, 58_THR_A, 102_THR_A"
2OJ5,"364_GLY_B, 393_THR_B, 358_PHE_B, 340_ASP_A, 427_ARG_B, 336_GLN_C, 329_SER_A, 321_ILE_A, 429_ARG_B, 329_SER_C, 417_TRP_C, 364_GLY_A, 321_ILE_C, 427_ARG_A, 329_SER_B, 392_VAL_A, 392_VAL_B, 353_PRO_A, 336_GLN_A, 429_ARG_C, 419_GLU_B, 364_GLY_C, 419_GLU_A, 363_GLY_B, 391_VAL_A, 365_ASP_C, 334_ARG_B, 391_VAL_C, 340_ASP_C, 353_PRO_B, 363_GLY_A, 363_GLY_C, 321_ILE_B, 338_ASN_C, 338_ASN_A, 422_GLN_A, 358_PHE_A, 334_ARG_A, 419_GLU_C, 353_PRO_C, 358_PHE_C, 417_TRP_B, 323_ILE_C, 338_ASN_B, 417_TRP_A, 323_ILE_A, 337_VAL_A, 391_VAL_B, 337_VAL_C, 334_ARG_C, 427_ARG_C, 337_VAL_B, 429_ARG_A, 392_VAL_C, 323_ILE_B, 365_ASP_B, 393_THR_C, 336_GLN_B, 393_THR_A, 340_ASP_B"
1K52,"26_PHE_A, 16_SER_A, 30_THR_A, 38_ASP_A, 47_TRP_A, 27_GLU_A, 34_TYR_A, 39_THR_A, 43_ASP_A, 35_ALA_A, 7_LYS_A, 32_GLU_A, 18_GLN_A, 17_THR_A, 55_GLY_A, 54_GLY_A, 40_LEU_A, 49_VAL_A, 23_LYS_A, 51_VAL_A, 21_GLU_A, 52_ALA_A, 19_THR_A, 22_PHE_A, 36_TYR_A, 48_THR_A, 31_SER_A, 20_ALA_A, 50_ASP_A"
2M32,"120_ASN_A, 49_GLU_A, 121_HIS_A, 78_GLY_A, 79_ARG_A, 75_GLN_A, 15_SER_A, 17_TYR_A, 80_GLN_A, 145_SER_A, 13_SER_A, 117_SER_A, 81_THR_A, 77_GLY_A, 151_LEU_A, 14_ASN_A, 118_HIS_A, 116_GLU_A, 76_ARG_A"
6MGP,"41_ARG_X, 25_GLN_X, 27_PRO_X, 26_ASP_X, 40_ASN_X, 30_ASN_X, 60_ARG_X, 32_PRO_X, 31_CYS_X, 42_ASN_X, 44_ILE_X, 39_ASN_X, 45_CYS_X, 43_GLN_X"
2AS8,"13_GLU_A, 203_TYR_A, 20_ARG_A, 179_ASN_A, 12_ALA_A, 156_ARG_A, 18_GLN_A, 180_ALA_A, 155_GLY_A, 182_GLY_A, 199_ASN_A, 184_ASP_A, 17_ARG_A, 181_GLN_A, 157_THR_A, 15_ASP_A, 198_ASP_A, 178_SER_A, 187_ILE_A, 185_TYR_A"
1XKG,"131_ARG_A, 193_ILE_A, 127_TYR_A, 190_ARG_A, 187_ASN_A, 167_GLY_A, 165_HIS_A, 163_ILE_A, 133_GLN_A, 135_LEU_A, 194_SER_A, 189_GLN_A, 170_GLN_A, 166_ASN_A, 191_PHE_A, 172_SER_A, 302_LEU_A, 134_SER_A, 164_GLN_A, 173_TYR_A, 188_ALA_A, 301_ILE_A, 192_GLY_A"
4N0F,"123_LYS_A, 108_ALA_A, 118_MET_A, 122_LEU_A, 109_LYS_A, 133_GLU_A, 120_PHE_A, 115_GLU_A, 105_VAL_A, 131_TRP_A, 58_LYS_B, 119_ASN_A, 130_ASP_A, 132_PRO_A, 124_GLN_A, 129_GLY_A, 116_GLU_A, 117_PHE_A, 121_ASP_A, 107_THR_A, 106_PRO_A"
3VUN,"318_THR_A, 53_ASN_B, 48_ILE_B, 19_ASP_B, 38_ASN_A, 18_HIS_A, 49_ASN_B, 42_GLN_B, 18_ILE_B, 20_GLY_B, 21_TRP_B, 45_ILE_B, 50_GLY_B, 46_ASP_B"
5ZDH,"618_PRO_A, 605_GLU_A, 614_LEU_A, 136_ASN_B, 643_GLY_A, 611_GLU_A, 127_ASP_B, 134_VAL_B, 119_ALA_B, 121_ILE_B, 608_TYR_A, 624_VAL_A, 123_ARG_B, 626_PRO_A, 135_VAL_B, 124_GLN_B, 138_ASP_B, 137_TYR_B, 126_ILE_B, 139_PRO_B, 120_PRO_B, 116_ARG_B"
3J27,"384_PRO_A, 300_SER_A, 301_MET_A, 344_LYS_A, 298_SER_A, 361_LYS_A, 347_VAL_A, 332_PRO_A, 304_GLY_A, 305_LYS_A, 383_GLU_A, 330_GLY_A, 297_MET_A, 328_GLY_A, 329_ASP_A, 299_TYR_A, 386_GLN_A, 382_VAL_A, 338_GLU_A, 327_GLU_A, 336_PRO_A, 340_MET_A, 334_LYS_A, 331_SER_A, 337_PHE_A, 345_ARG_A, 381_GLY_A, 385_GLY_A, 303_THR_A"
4LN6,"45_ILE_D, 41_THR_D, 49_THR_B, 48_ILE_B, 20_GLY_D, 269_GLU_A, 53_ASN_F, 19_ASP_B, 309_THR_E, 41_THR_B, 53_ASN_D, 20_THR_A, 46_ASP_D, 309_THR_A, 49_THR_D, 21_GLU_E, 45_ILE_B, 56_ILE_F, 42_GLN_F, 282_ASN_A, 19_ASP_F, 56_ILE_D, 19_ASP_D, 38_TYR_B, 50_GLY_D, 20_GLY_B, 20_GLY_F, 21_GLU_C, 52_LEU_B, 52_LEU_F, 22_ARG_C, 282_ASN_C, 52_LEU_D, 44_LYS_A, 22_ARG_E, 45_ILE_F, 21_GLU_A, 46_ASP_F, 46_ASP_B, 41_THR_F, 53_ASN_B, 42_GLN_B, 269_GLU_E, 38_TYR_D, 48_ILE_D, 49_THR_F, 42_GLN_D, 44_LYS_E, 48_ILE_F, 282_ASN_E, 38_TYR_F"
3LB6,"104_LYS_A, 109_GLU_A, 105_LYS_A, 14_ILE_A, 110_GLY_A, 107_PHE_A, 101_LEU_A, 108_ARG_A, 15_GLU_A, 7_SER_A, 11_ARG_A"
2KEE,"43_LYS_A, 57_TRP_A, 20_ARG_A, 46_ASN_A, 47_ARG_A, 21_ALA_A, 16_SER_A, 19_ALA_A, 22_ASN_A, 18_VAL_A, 44_ASN_A, 49_VAL_A, 15_GLU_A, 45_ASN_A, 24_LYS_A, 42_LEU_A, 17_HIS_A"
2WRG,"122_PRO_H, 116_GLU_H, 169_VAL_H, 117_LYS_H, 259_ALA_H, 125_SER_H, 119_GLU_H, 76_THR_H, 118_PHE_H, 167_SER_H, 149_ARG_H, 74_LEU_H, 172_LYS_H, 166_LYS_H, 174_LYS_H, 114_SER_H, 256_TYR_H, 75_LEU_H, 115_PHE_H, 77_ALA_H, 124_THR_H"
5JAA,"97_GLN_C, 9_THR_C, 104_ALA_C, 8_SER_C, 12_GLU_C, 81_ILE_C, 88_SER_C, 98_LEU_C, 101_PHE_C, 93_ASN_C, 94_GLN_C, 82_TYR_C, 87_MSE_C, 14_TYR_C, 108_GLU_C, 86_GLU_C, 85_ASN_C, 79_LEU_C, 13_LYS_C, 10_ILE_C, 18_TYR_C, 80_THR_C, 90_LEU_C"
2Q21,"63_GLU_A, 37_GLU_A, 27_HIS_A, 36_ILE_A, 25_GLN_A, 64_TYR_A, 61_GLN_A, 33_ASP_A, 31_GLU_A, 32_TYR_A, 17_SER_A, 40_TYR_A, 38_ASP_A, 35_THR_A, 34_PRO_A, 29_VAL_A, 39_SER_A, 21_ILE_A"
3DI2,"114_ASP_B, 119_TYR_B, 117_VAL_B, 205_TYR_B, 207_ARG_B, 120_ARG_B, 118_VAL_B, 129_THR_B, 121_GLU_B, 115_LEU_B, 204_TYR_B, 180_MET_B, 116_SER_B, 122_GLY_B, 206_PHE_B, 209_PRO_B"
1LSG,"108_ALA_A, 98_LYS_A, 122_GLN_A, 118_GLY_A, 85_LEU_A, 50_GLY_A, 22_ARG_A, 72_GLY_A, 17_GLY_A, 121_VAL_A, 67_ASP_A, 45_ASN_A, 23_GLY_A, 46_ARG_A, 62_ARG_A, 86_SER_A, 117_LYS_A, 101_SER_A, 78_ASN_A, 102_ASP_A, 81_CYS_A, 35_PHE_A, 53_ASP_A, 126_ARG_A, 79_ILE_A, 25_SER_A, 110_VAL_A, 19_ASP_A, 28_ASN_A, 38_ASN_A, 75_ASN_A, 105_GLY_A, 44_THR_A, 21_TYR_A, 49_ASP_A, 70_THR_A, 71_PRO_A, 20_ASN_A, 99_ILE_A, 51_SER_A, 82_SER_A, 69_ARG_A, 115_ARG_A, 114_ASN_A, 111_ALA_A, 97_LYS_A, 24_TYR_A, 125_ILE_A, 16_HIS_A, 119_THR_A, 63_TRP_A, 94_ASN_A, 66_ASN_A, 80_PRO_A, 83_ALA_A, 58_GLN_A, 103_GLY_A, 64_TRP_A, 36_GLU_A, 52_THR_A, 54_TYR_A, 120_ASP_A, 90_THR_A, 68_GLY_A, 42_GLN_A, 47_ASN_A, 2_LYS_A, 48_THR_A, 113_ARG_A, 60_ASN_A, 107_ASN_A, 76_LEU_A, 74_ARG_A, 104_ASN_A"
5VYH,"26_VAL_A, 199_ASN_A, 27_LYS_A, 97_PRO_A, 191_SER_A, 29_ALA_A, 157_SER_A, 209_THR_A, 193_ASN_A, 190_ARG_A, 211_ALA_A, 28_SER_A, 197_ALA_A, 192_GLY_A, 96_THR_A, 301_ARG_A, 198_GLY_A"
5EDV,"874_CYS_A, 820_CYS_A, 797_LEU_A, 873_LYS_A, 822_GLN_A, 778_TYR_A, 805_GLY_A, 783_LYS_A, 775_PRO_A, 795_LYS_A, 800_ALA_A, 802_CYS_A, 893_CYS_A, 819_GLN_A, 854_GLU_A, 828_CYS_A, 829_LYS_A, 776_ASP_A, 876_PHE_A, 826_VAL_A, 794_PRO_A, 892_GLN_A, 782_HIS_A, 878_TYR_A, 830_ARG_A, 787_GLU_A, 827_ARG_A, 801_GLN_A, 770_ARG_A, 792_ARG_A, 793_ASP_A, 803_SER_A, 852_ASP_A, 796_PHE_A, 786_THR_A, 855_TYR_A, 875_LYS_A, 804_PHE_A, 798_TRP_A"
2WOJ,"60_HIS_D, 246_PHE_D, 250_TYR_D, 304_GLU_C, 69_LYS_D, 305_LEU_D, 305_LEU_C, 260_ILE_D, 67_GLY_D, 246_PHE_C, 254_ARG_D, 322_ARG_D, 75_ARG_D, 323_GLY_D, 257_GLN_C, 309_PHE_D, 302_ILE_C, 68_GLU_C, 257_GLN_D, 64_ASP_D, 307_GLU_D, 75_ARG_C, 309_PHE_C, 63_SER_D, 249_LEU_C, 64_ASP_C, 254_ARG_C, 304_GLU_D, 253_GLU_D, 308_ASP_D, 68_GLU_D, 256_ILE_C, 67_GLY_C, 65_ALA_C, 260_ILE_C, 301_GLN_D, 253_GLU_C, 78_THR_D, 301_GLN_C, 306_TYR_C, 302_ILE_D, 308_ASP_C, 306_TYR_D, 322_ARG_C, 256_ILE_D, 307_GLU_C, 250_TYR_C, 69_LYS_C, 63_SER_C, 249_LEU_D"
4NFE,"93_LEU_A, 92_PRO_A, 236_LYS_A, 234_TYR_A, 91_HIS_A, 179_PHE_A, 239_LYS_A, 233_HIS_A, 178_GLU_A, 175_LYS_A, 98_ASP_A, 125_THR_A, 235_ARG_A, 237_TRP_A, 101_HIS_A, 94_TYR_A"
4N92,"94_ARG_A, 98_THR_A, 167_PRO_A, 141_GLN_A, 101_ASP_A, 137_LEU_A, 103_VAL_A, 165_PHE_A, 143_GLY_A, 97_TYR_A, 140_LYS_A, 144_GLY_A, 95_ILE_A, 164_ARG_A, 147_SER_A, 150_LYS_A, 102_LEU_A, 93_GLN_A, 163_GLU_A, 100_ASP_A, 168_GLU_A, 96_THR_A, 146_GLU_A"
5TDH,"142_HIS_B, 270_ILE_B, 99_TRP_B, 143_THR_B, 56_ALA_B, 332_TRP_B, 100_VAL_B, 274_THR_B, 118_ASP_B, 75_GLN_B, 186_ASP_B, 59_TYR_B, 76_ASP_B, 101_MET_B, 188_MET_B, 228_ASP_B, 117_LEU_B, 98_SER_B, 119_ASN_B, 230_ASN_B, 314_ARG_B, 246_ASP_B, 316_SER_B, 204_CYS_B"
3LF6,"8_ALA_B, 56_ARG_B, 124_THR_A, 121_PHE_A, 60_PHE_A, 123_ILE_A, 127_LEU_A, 100_ALA_B, 8_ALA_A, 61_PRO_A, 121_PHE_B, 77_ASP_B, 128_TRP_A, 60_PHE_B, 125_ASN_A, 56_ARG_A, 101_GLY_B, 125_ASN_B, 101_GLY_A, 122_ASP_B, 103_GLU_B, 123_ILE_B, 122_ASP_A, 127_LEU_B, 119_ASN_A, 75_HIS_A, 128_TRP_B, 120_TRP_A, 120_TRP_B, 100_ALA_A, 124_THR_B, 75_HIS_B, 119_ASN_B"
1QYM,"90_LYS_A, 160_TYR_A, 119_HIS_A, 194_GLN_A, 189_LYS_A, 190_LEU_A, 161_TYR_A, 126_LEU_A, 152_LEU_A, 159_LEU_A, 162_LYS_A, 132_PRO_A, 156_HIS_A, 127_GLU_A, 193_SER_A, 129_GLY_A, 153_LYS_A, 124_MET_A, 186_GLU_A, 157_ILE_A"
6MAC,"78_TRP_C, 54_ASP_C, 85_TYR_C, 83_ASN_C, 82_PHE_C, 55_LYS_C, 52_GLU_C, 101_PHE_C, 94_GLU_C, 99_VAL_C, 77_CYS_C, 38_LEU_C, 74_LYS_C, 80_ASP_C, 60_TYR_C, 103_CYS_C, 39_GLU_C, 35_ASN_C, 81_ASP_C, 79_LEU_C, 93_THR_C"
1FCC,"33_TYR_C, 17_THR_D, 15_GLU_D, 36_ASP_C, 38_GLY_C, 16_THR_D, 15_GLU_C, 13_LYS_D, 16_THR_C, 12_LEU_D, 37_ASN_D, 14_GLY_C, 10_LYS_C, 11_THR_D, 37_ASN_C, 14_GLY_D, 12_LEU_C, 35_ASN_D, 35_ASN_C, 36_ASP_D, 13_LYS_C, 11_THR_C, 17_THR_C, 33_TYR_D"
2QQI,"302_SER_A, 294_SER_A, 296_GLN_A, 297_TYR_A, 299_THR_A, 319_GLU_A, 298_SER_A, 295_SER_A, 323_ARG_A, 318_GLY_A, 324_GLU_A, 321_SER_A"
4F5C,"306_GLN_E, 301_ARG_E, 347_TRP_E, 406_ARG_E, 300_LYS_E, 305_GLY_E, 304_TYR_E, 408_ASN_E, 407_THR_E, 302_SER_E, 303_GLY_E, 308_ILE_E"
6IOM,"137_HIS_A, 139_TYR_A, 41_ILE_A, 74_GLN_A, 40_THR_A, 68_GLY_A, 39_GLU_A, 65_ASP_A, 72_PHE_A, 63_GLY_A, 135_SER_A, 64_LEU_A, 165_GLN_A, 37_ALA_A, 62_ARG_A, 70_LEU_A"
2QC1,"0_LYS_B, 68_ASN_B, 67_TRP_B, 6_ARG_B, 64_ASN_B, 72_TYR_B, 11_LEU_B, 112_TYR_B, 71_ASP_B, 73_GLY_B, 14_ASP_B, 69_PRO_B, 13_GLU_B, 15_TYR_B, 3_HIS_B, 70_ASP_B, 2_GLU_B, 10_LYS_B, 66_LYS_B"
6UWZ,"71_ASP_A, 73_GLY_A, 10_ASN_A, 14_ASN_A, 70_ALA_A, 2_GLU_A, 66_ARG_A, 72_TYR_A, 68_ASN_A, 64_ARG_A, 69_PRO_A, 19_ILE_A, 67_TRP_A, 63_VAL_A, 3_HIS_A, 6_ARG_A, 15_TYR_A"
2X53,"232_HIS_C, 236_ASN_C, 219_SER_C, 200_GLY_A, 256_ARG_A, 202_ASN_C, 198_GLN_C, 202_ASN_B, 232_HIS_B, 234_ASP_B, 207_TRP_C, 242_THR_B, 199_LYS_B, 256_ARG_C, 232_HIS_A, 237_PRO_C, 244_TRP_B, 219_SER_A, 240_SER_B, 199_LYS_A, 201_TRP_B, 244_TRP_C, 244_TRP_A, 201_TRP_A, 236_ASN_A, 202_ASN_A, 217_VAL_A, 207_TRP_A, 237_PRO_B, 217_VAL_C, 256_ARG_B, 238_ASN_C, 201_TRP_C, 225_ALA_B, 234_ASP_C, 225_ALA_A, 200_GLY_B, 237_PRO_A, 219_SER_B, 240_SER_A, 240_SER_C, 207_TRP_B, 198_GLN_A, 198_GLN_B, 242_THR_A, 238_ASN_B, 242_THR_C, 236_ASN_B, 238_ASN_A, 217_VAL_B, 225_ALA_C, 200_GLY_C, 234_ASP_A"
1UB4,"418_PRO_C, 420_THR_C, 426_ASN_C, 423_GLN_C, 419_ALA_C, 424_ALA_C, 421_LEU_C"
1LTD,"64_PRO_A, 63_GLU_A, 66_HIS_A, 72_ASP_A, 65_LEU_A, 67_ALA_A, 68_PRO_A, 30_ASN_A, 69_ASN_A, 70_VAL_A"
4JZW,"122_LEU_A, 368_ASP_G, 476_ARG_G, 281_ALA_A, 475_MET_A, 371_ILE_A, 204_ALA_G, 421_LYS_A, 426_MET_G, 420_ILE_G, 255_VAL_A, 424_ILE_G, 384_TYR_G, 434_MET_A, 120_VAL_A, 112_TRP_G, 434_MET_G, 255_VAL_G, 384_TYR_A, 473_GLY_G, 205_CYS_A, 202_THR_G, 369_PRO_A, 375_SER_A, 429_GLU_A, 473_GLY_A, 371_ILE_G, 382_PHE_A, 474_ASP_A, 203_GLN_A, 210_PHE_G, 112_TRP_A, 109_ILE_G, 375_SER_G, 435_TYR_G, 122_LEU_G, 370_GLU_G, 376_PHE_G, 437_PRO_G, 421_LYS_G, 366_GLY_G, 429_GLU_G, 368_ASP_A, 419_ARG_A, 436_ALA_G, 422_GLN_A, 119_CYS_G, 423_ILE_A, 432_LYS_G, 370_GLU_A, 109_ILE_A, 365_SER_A, 475_MET_G, 119_CYS_A, 474_ASP_G, 419_ARG_G, 422_GLN_G, 200_VAL_A, 257_THR_G, 369_PRO_G, 366_GLY_A, 200_VAL_G, 426_MET_A, 367_GLY_A, 367_GLY_G, 202_THR_A, 476_ARG_A, 437_PRO_A, 423_ILE_G, 382_PHE_G, 365_SER_G"
1WWB,"369_LYS_X, 322_ALA_X, 320_ASN_X, 364_LYS_X, 318_PHE_X, 372_LYS_X, 362_ILE_X, 360_THR_X, 371_GLU_X, 370_ASP_X, 373_GLN_X, 358_ASP_X, 316_GLN_X, 321_GLY_X, 319_TYR_X, 325_ASN_X, 323_ILE_X"
1FAK,"148_GLY_T, 142_SER_T, 145_ASP_T, 70_THR_T, 68_LYS_T, 146_VAL_T, 103_TYR_T, 67_VAL_T, 144_ARG_T, 147_PHE_T, 129_ASP_T, 69_GLN_T, 66_ASP_T, 194_PRO_T, 149_LYS_T, 104_LEU_T, 197_THR_T, 172_THR_T, 101_THR_T, 136_ARG_T, 174_GLU_T, 195_SER_T, 150_ASP_T, 141_LEU_T, 65_LYS_T"
2Y7Q,"414_GLU_B, 419_ARG_B, 375_SER_B, 366_SER_D, 374_TRP_B, 417_GLN_B, 427_ARG_B, 430_MET_B, 379_GLY_B, 412_GLU_B, 373_THR_B, 377_ALA_B, 380_LYS_B, 378_SER_B, 376_ARG_B"
3BT6,"86_GLU_A, 90_VAL_A, 58_LEU_A, 287_ILE_A, 283_SER_A, 38_LYS_A, 85_HIS_A, 37_THR_A, 61_THR_A, 52_LYS_A, 60_CYS_A, 282_GLY_A, 284_LEU_A, 40_HIS_A, 285_PRO_A, 41_PHE_A, 59_ASN_A, 39_SER_A"
4CBZ,"204_ASP_A, 206_PHE_A, 221_MET_A, 202_PRO_A, 224_TRP_A, 246_LYS_A, 247_LEU_A, 207_PHE_A, 250_ASP_A, 219_THR_A, 205_ASP_A, 209_HIS_A, 252_ARG_A, 211_ALA_A, 201_ARG_A, 190_TYR_A, 203_ARG_A, 222_GLU_A"
6JXR,"67_GLY_f, 58_LEU_f, 77_SER_f, 70_GLU_f, 101_ARG_f, 66_ILE_f, 65_ASN_f, 75_ILE_f, 103_SER_f, 54_GLY_f, 56_GLU_f, 69_ASP_f, 107_ASP_f, 99_TYR_f, 78_ASP_f, 104_LYS_f, 102_GLY_f, 106_GLU_f, 68_GLY_f, 105_PRO_f, 55_SER_f, 76_GLY_f, 100_PRO_f"
4BDV,"2307_ARG_B, 2184_ALA_B, 2186_SER_B, 2194_SER_B, 2225_ASN_B, 2226_PRO_B, 2272_THR_B, 2261_LEU_B, 2273_LEU_B, 2188_ALA_B, 2309_HIS_B, 2280_VAL_B, 2215_ARG_B, 2224_ASN_B, 2211_HIS_B, 2223_VAL_B, 2311_GLN_B, 2263_SER_B, 2183_LYS_B, 2213_GLN_B, 2182_SER_B, 2209_ARG_B, 2187_ASP_B, 2207_LYS_B, 2228_GLU_B, 2279_LYS_B, 2229_TRP_B, 2227_LYS_B, 2212_LEU_B, 2214_GLY_B, 2271_TRP_B, 2282_VAL_B, 2181_GLU_B, 2275_PHE_B, 2222_GLN_B"
6CW9,"84_LEU_A, 145_LEU_A, 152_ALA_A, 83_GLU_A, 153_ASP_A, 148_LYS_A, 146_PRO_A, 150_LEU_A, 149_VAL_A, 80_ASP_A"
4ZH7,"447_GLU_A, 379_ASN_A, 376_GLN_A, 452_GLN_A, 437_LYS_A, 382_ARG_A, 438_ASN_A, 451_GLN_A, 45_THR_A, 52_LEU_A, 369_ASN_A, 381_GLU_A, 448_GLN_A, 440_ILE_A, 430_GLY_A, 441_ALA_A, 51_LYS_A, 442_HIS_A, 434_THR_A, 445_THR_A, 48_THR_A, 444_GLY_A, 372_GLU_A"
4ZIN,"123_LYS_A, 110_ASP_A, 124_LEU_A, 178_LYS_A, 182_LYS_A, 92_LYS_A, 125_ARG_A, 106_THR_A, 184_LYS_A, 156_ALA_A, 158_LYS_A, 154_ASP_A, 108_THR_A, 180_THR_A, 93_TRP_A, 179_THR_A, 94_GLU_A, 96_VAL_A"
2I69,"78_GLY_A, 74_CYS_A, 105_CYS_A, 107_LEU_A, 104_GLY_A, 110_LYS_A, 106_GLY_A, 75_PRO_A, 76_THR_A, 79_GLU_A, 77_MET_A, 109_GLY_A"
2EWY,"112_LEU_A, 159_GLN_A, 162_ILE_A, 75_THR_A, 79_LYS_A, 140_ALA_A, 163_PRO_A, 77_ARG_A, 158_THR_A, 148_SER_A, 161_ASN_A, 81_PHE_A, 114_ASN_A, 98_GLU_A, 147_SER_A, 150_GLU_A, 157_VAL_A, 154_ASP_A, 109_THR_A, 113_VAL_A"
6D03,"311_LYS_E, 217_ARG_E, 416_LYS_E, 224_THR_E, 228_SER_E, 305_ASP_E, 310_LEU_E, 221_ILE_E, 223_LYS_E, 295_GLN_E, 298_LYS_E, 417_ASN_E, 220_ASP_E, 309_LYS_E, 302_GLU_E, 225_LYS_E, 420_LYS_E, 306_LEU_E, 308_GLU_E"
1KPK,"243_LYS_A, 234_HIS_B, 231_ILE_A, 382_TYR_A, 384_LEU_B, 383_HIS_A, 234_HIS_A, 250_ASN_B, 382_TYR_B, 380_PRO_A, 248_PRO_A, 235_GLU_A, 243_LYS_B, 381_GLN_A, 231_ILE_B, 246_ASP_A, 235_GLU_B, 381_GLN_B, 249_LEU_B, 250_ASN_A, 249_LEU_A, 376_VAL_B, 383_HIS_B, 251_THR_A, 246_ASP_B, 248_PRO_B, 380_PRO_B, 244_LEU_A"
4GH9,"260_GLU_A, 268_ARG_A, 254_GLN_A, 251_ALA_A, 257_SER_A, 258_GLU_A"
1K9U,"44_MET_A, 52_ASP_A, 21_SER_A, 51_GLY_A, 46_GLU_A, 48_ASP_A, 53_GLY_A, 22_LEU_A, 23_SER_A, 41_GLN_A, 38_ASP_A, 45_ALA_A, 54_PHE_A, 49_THR_A, 19_LYS_A, 42_ARG_A, 50_ASP_A"
3S2K,"986_GLN_B, 850_TRP_B, 963_SER_B, 682_SER_B, 853_ARG_A, 875_TYR_B, 877_MET_A, 767_TRP_B, 810_LEU_A, 665_SER_A, 696_LEU_A, 665_SER_B, 663_GLU_A, 813_ASN_B, 660_GLY_B, 1004_VAL_B, 708_GLU_B, 639_ARG_B, 999_GLY_A, 836_PHE_B, 706_TYR_B, 684_LYS_B, 834_HIS_B, 1004_VAL_A, 698_HIS_B, 662_LYS_A, 698_HIS_A, 697_GLU_B, 853_ARG_B, 751_ARG_A, 697_GLU_A, 706_TYR_A, 963_SER_A, 701_GLU_A, 639_ARG_A, 990_ARG_A, 660_GLY_A, 810_LEU_B, 696_LEU_B, 877_MET_B, 813_ASN_A, 662_LYS_B, 663_GLU_B, 834_HIS_A, 850_TRP_A, 681_ILE_B, 708_GLU_A, 792_ARG_A, 811_ASP_A, 681_ILE_A, 875_TYR_A, 767_TRP_A, 999_GLY_B, 792_ARG_B, 701_GLU_B"
6QW3,"233_VAL_A, 196_ASN_A, 240_PRO_A, 193_LEU_A, 231_VAL_A, 242_ALA_A, 230_ARG_A, 238_THR_A, 239_GLU_A, 232_HIS_A, 249_PRO_A, 198_HIS_A, 244_LEU_A, 241_GLU_A, 245_GLN_A"
5FWW,"749_SER_A, 877_MET_A, 810_LEU_A, 663_GLU_A, 751_ARG_A, 706_TYR_A, 639_ARG_A, 813_ASN_A, 834_HIS_A, 682_SER_A, 850_TRP_A, 708_GLU_A, 792_ARG_A, 836_PHE_A, 811_ASP_A, 681_ILE_A, 875_TYR_A, 724_THR_A, 767_TRP_A"
1RY7,"238_ARG_B, 163_LEU_B, 243_LEU_B, 156_PRO_B, 242_THR_B, 224_GLY_B, 157_GLU_B, 153_TRP_B, 239_GLN_B, 160_ASP_B, 245_VAL_B, 161_LYS_B, 159_MET_B, 240_THR_B, 225_ASN_B, 165_ALA_B, 223_ARG_B, 244_ASP_B, 246_LEU_B, 162_LYS_B"
1ZKR,"93_LEU_A, 101_LYS_A, 92_GLU_A, 100_THR_A, 106_GLU_A, 117_ASP_A, 113_LYS_A, 96_ASP_A, 94_LEU_A, 91_ASN_A, 97_LEU_A, 109_ARG_A"
2G33,"23_PHE_C, 139_ILE_B, 25_PRO_C, 23_PHE_B, 32_ASP_B, 142_THR_B, 137_ALA_B, 136_ASN_B, 22_ASP_C, 98_ARG_C, 138_PRO_B, 137_ALA_C, 33_THR_B, 26_SER_B, 110_PHE_C, 22_ASP_B, 28_ARG_B, 118_TYR_C, 122_PHE_B, 105_ILE_C, 142_THR_C, 98_ARG_B, 141_SER_C, 125_TRP_B, 138_PRO_C, 20_PRO_B, 26_SER_C, 122_PHE_C, 28_ARG_C, 110_PHE_B, 29_ASP_C, 102_TRP_B, 25_PRO_B, 118_TYR_B, 30_LEU_C, 27_VAL_C, 30_LEU_B, 136_ASN_C, 33_THR_C, 139_ILE_C, 141_SER_B, 145_GLU_C, 29_ASP_B, 140_LEU_C, 27_VAL_B, 21_SER_B, 140_LEU_B, 102_TRP_C, 90_ASN_C, 135_PRO_B, 32_ASP_C"
4HKJ,"155_ARG_A, 150_ALA_A, 6_GLU_C, 73_SER_A, 62_ARG_A, 75_ARG_A, 72_GLN_A, 76_VAL_A, 7_LYS_C, 68_LYS_A, 79_ARG_A, 146_LYS_A, 65_GLN_A, 80_THR_A, 4_ASN_C, 158_ALA_A, 163_THR_A, 8_LEU_C, 149_GLN_A, 154_GLU_A, 5_PHE_C, 159_TYR_A, 162_GLY_A, 166_GLU_A"
2LSB,"144_ASP_A, 204_LYS_A, 152_GLU_A, 148_ARG_A, 149_TYR_A, 143_SER_A, 147_ASP_A, 142_GLY_A, 151_ARG_A, 155_HIS_A, 197_ASN_A, 199_THR_A, 156_ARG_A, 145_TYR_A, 153_ASN_A"
1D5M,"26_VAL_C, 91_TYR_C, 60_ASN_C, 90_TYR_C, 110_ARG_C, 177_PHE_C, 59_GLY_C, 29_ASP_C, 31_ASN_C, 20_LEU_C, 30_ASP_C, 178_ASN_C, 19_GLY_C, 22_GLU_C, 58_LEU_C, 18_THR_C, 23_ASN_C, 88_ASN_C, 206_ASP_C"
4ZMT,"90_ASP_A, 30_ARG_A, 32_THR_A, 27_ASN_A, 88_VAL_A, 26_SER_A, 87_SER_A, 29_ASP_A, 89_GLU_A, 28_LYS_A, 25_LYS_A, 31_ASP_A"
6G7O,"276_LYS_A, 282_LEU_A, 321_LYS_A, 279_ALA_A, 313_VAL_A, 286_LYS_A, 325_GLU_A, 278_ARG_A, 271_LYS_A, 275_THR_A, 285_GLN_A, 283_ASP_A, 309_PHE_A, 310_ASP_A, 314_GLY_A, 317_ASP_A, 320_LEU_A, 324_ASN_A"
3DMM,"9_ILE_C, 27_GLU_C, 20_GLN_C, 11_PRO_C, 23_ASP_C, 6_GLU_C, 8_ARG_C, 14_MET_C, 25_VAL_C, 29_LEU_C, 10_PHE_C, 84_LYS_C, 15_ASP_C, 114_SER_C, 22_VAL_C, 12_LYS_C, 30_GLY_C, 21_LYS_C"
3FCS,"215_HIS_A, 80_GLY_A, 148_GLY_A, 217_SER_A, 78_ASN_A, 147_ARG_A, 117_GLU_A, 213_LEU_A, 206_SER_A, 79_VAL_A, 77_ARG_A, 82_GLN_A, 209_PRO_A, 149_ASN_A, 211_ILE_A, 158_ASN_A, 81_SER_A, 205_SER_A, 84_LEU_A, 214_TRP_A, 210_GLY_A, 154_ILE_A, 162_TRP_A, 208_ARG_A"
5WFL,"387_ASN_A, 479_ASP_A, 480_GLY_A, 481_THR_A, 525_TYR_A, 530_GLN_A, 382_ASN_A, 508_SER_A, 383_SER_A, 574_GLY_A, 434_CYS_A, 556_ALA_A, 577_PHE_A, 478_PHE_A, 572_TYR_A, 334_TYR_A, 483_ARG_A, 527_GLY_A, 380_ARG_A, 509_GLY_A, 436_HIS_A, 363_SER_A, 528_GLN_A, 603_GLY_A, 555_SER_A, 385_ASP_A, 602_SER_A, 575_HIS_A, 415_ARG_A"
4ZK9,"16_THR_B, 49_LYS_B, 19_LYS_B, 24_ARG_B, 46_ILE_B, 23_GLN_B, 45_THR_B, 21_SER_B, 47_VAL_B, 20_ILE_B, 18_ARG_B"
2M8L,"201_ILE_B, 209_ALA_A, 213_GLU_A, 205_LEU_B, 207_PRO_B, 220_GLY_B, 200_THR_A, 207_PRO_A, 221_VAL_B, 204_ALA_B, 219_GLN_B, 203_LYS_B, 217_ALA_A, 200_THR_B, 220_GLY_A, 206_GLY_A, 204_ALA_A, 209_ALA_B, 213_GLU_B, 208_GLY_A, 219_GLN_A, 197_ASP_A, 187_GLU_A, 212_GLU_A, 216_THR_A, 203_LYS_A, 208_GLY_B, 217_ALA_B, 221_VAL_A, 201_ILE_A, 197_ASP_B, 205_LEU_A, 216_THR_B, 212_GLU_B, 206_GLY_B, 210_THR_A"
2X44,"105_TYR_D, 106_LEU_D, 48_GLU_D, 44_SER_D, 3_MET_D, 108_ILE_D, 101_PRO_D, 39_LEU_D, 47_THR_D, 107_GLY_D, 93_ILE_D, 2_ALA_D, 4_HIS_D, 97_GLU_D, 1_LYS_D, 33_GLU_D, 100_TYR_D, 35_ARG_D, 45_GLN_D, 102_PRO_D, 46_VAL_D, 91_LEU_D, 95_LYS_D, 109_GLY_D, 28_PRO_D, 41_GLN_D, 110_ASN_D, 103_PRO_D, 99_MET_D, 104_TYR_D"
1P6F,"100_TYR_A, 82_GLY_A, 99_MET_A, 101_ASP_A, 83_GLU_A, 54_PRO_A, 85_TRP_A, 45_LEU_A, 180_PHE_A, 68_ASN_A, 69_SER_A, 126_ASP_A, 183_GLU_A, 52_LYS_A, 78_ILE_A, 80_ARG_A, 81_VAL_A, 35_VAL_A, 51_PRO_A, 36_GLU_A, 21_GLU_A, 50_ARG_A, 70_ARG_A, 84_LEU_A, 38_GLN_A, 40_HIS_A, 127_THR_A, 102_THR_A"
2LP7,"44_SER_A, 32_ASN_A, 58_ILE_A, 55_LEU_A, 52_THR_A, 51_ILE_A, 48_TRP_A, 45_LEU_A, 46_TRP_A, 47_ASN_A, 50_ASN_A, 59_LYS_A, 56_TRP_A, 34_GLN_A, 33_GLU_A, 49_PHE_A"
2F8O,"77_GLU_A, 81_ARG_A, 44_GLU_A, 42_ASN_A, 76_ASP_A, 92_ILE_A, 40_LEU_A, 90_PRO_A, 75_LYS_A, 47_GLU_A, 45_ARG_A, 94_LYS_A, 41_LYS_A, 43_GLY_A"
3I84,"64_GLU_B, 73_GLU_B, 54_ARG_B, 65_ASP_B, 66_ALA_B, 60_VAL_B, 69_GLY_B, 36_LYS_B, 62_LEU_B, 63_LYS_B, 68_PRO_B, 67_LEU_B, 61_VAL_B, 75_LYS_B"
5TXF,"350_THR_A, 256_ARG_A, 341_TYR_A, 374_GLY_A, 69_PRO_A, 318_GLY_A, 317_VAL_A, 78_ASN_A, 60_ILE_A, 75_TRP_A, 342_GLU_A, 71_GLY_A, 257_MET_A, 319_LEU_A, 258_ALA_A, 367_VAL_A, 51_TYR_A, 354_GLU_A, 357_GLY_A, 74_CYS_A, 48_TRP_A, 371_PRO_A, 40_LEU_A, 369_LEU_A, 260_PRO_A, 68_LEU_A, 343_ASP_A, 58_PHE_A, 259_TRP_A, 362_ARG_A, 368_HIS_A, 54_THR_A, 358_LEU_A, 50_CYS_A, 320_PRO_A, 315_TYR_A, 53_LYS_A, 65_ASN_A, 49_MET_A, 262_ASP_A, 360_GLN_A, 355_LEU_A, 373_HIS_A, 351_ARG_A"
1W81,"448_VAL_A, 433_PRO_A, 450_ASN_A, 451_CYS_A, 452_VAL_A, 436_PRO_A, 435_GLU_A, 449_CYS_A, 428_GLU_A, 431_LYS_A, 427_LYS_A, 432_CYS_A, 434_CYS_A, 437_GLU_A"
2VA5,"269_CYS_A, 314_THR_A, 267_LEU_A, 276_PRO_A, 365_PHE_A, 268_VAL_A, 319_CYS_A, 274_THR_A, 272_ALA_A, 257_PHE_A, 258_PRO_A, 255_GLU_A, 253_SER_A, 279_ILE_A, 256_LYS_A, 266_GLN_A, 317_ASP_A, 273_GLY_A, 270_TRP_A, 271_GLN_A"
4OMC,"558_ASN_A, 561_GLY_A, 528_PHE_A, 562_THR_A, 457_GLU_A, 492_THR_A, 493_LEU_A, 460_ASP_A, 529_ASN_A, 496_ASN_A, 458_PRO_A, 494_SER_A, 495_TYR_A, 526_ASP_A, 560_TYR_A, 525_ALA_A"
1RD4,"148_GLN_A, 197_LYS_A, 203_LEU_A, 201_HIS_A, 155_LYS_A, 200_LYS_A, 191_ASP_A, 199_VAL_A, 144_PRO_A, 147_PHE_A, 193_ASP_A, 151_LEU_A, 198_HIS_A, 194_ALA_A"
1N67,"431_THR_A, 462_VAL_A, 429_GLN_A, 460_ASN_A, 473_LYS_A, 433_ILE_A, 510_TYR_A, 428_GLN_A, 518_TRP_A, 408_ILE_A, 467_PRO_A, 481_ASP_A, 479_PRO_A, 468_ASN_A, 434_LYS_A, 466_PHE_A, 432_SER_A, 477_ASN_A, 464_ILE_A, 465_THR_A, 512_TYR_A, 463_ASN_A"
4JRA,"921_SER_A, 954_ASN_A, 1065_ARG_A, 1063_THR_A, 1061_ARG_A, 1292_GLY_A, 1060_CYS_A, 917_PHE_A, 1064_HIS_A, 920_GLU_A, 956_ILE_A, 953_PHE_A, 1057_LEU_A, 902_SER_A, 1058_ASP_A, 1056_LYS_A, 955_SER_A, 918_ASN_A, 1062_ASP_A, 1059_GLY_A, 919_LEU_A, 1289_ASP_A, 1294_ARG_A"
6MEO,"418_ILE_G, 121_LEU_G, 118_CYS_G, 119_VAL_G, 429_MET_G, 414_ARG_G, 200_VAL_G, 204_ALA_G, 202_THR_G, 416_LYS_G, 203_GLN_G, 432_PRO_G, 417_GLN_G"
4CMM,"108_ALA_A, 6_VAL_A, 106_SER_A, 72_MET_A, 88_THR_A, 46_ARG_A, 40_ARG_A, 10_ASP_A, 11_LYS_A, 7_ILE_A, 13_VAL_A, 45_GLY_A, 107_GLY_A, 111_GLU_A, 8_GLN_A, 39_PHE_A, 26_THR_A, 102_VAL_A, 42_ALA_A, 109_GLY_A, 103_GLU_A, 12_SER_A, 9_PRO_A, 44_PRO_A, 47_GLU_A, 87_GLY_A, 43_GLY_A"
4F45,"73_ILE_A, 289_LYS_A, 143_PHE_A, 137_GLN_A, 288_VAL_A, 74_HIS_A, 70_TYR_A, 147_ASP_A, 75_PRO_A, 292_GLU_A, 139_GLN_A, 290_ASN_A, 136_THR_A, 69_LYS_A, 140_ARG_A, 78_ARG_A, 142_MET_A, 138_VAL_A, 141_ASP_A, 72_GLU_A, 152_TYR_A"
1J95,"62_TYR_A, 54_ALA_A, 55_PRO_A, 64_ARG_A, 53_GLY_A, 56_GLY_A, 61_THR_A, 45_TYR_A, 52_ARG_A, 91_VAL_A, 87_TRP_A, 57_ALA_A, 58_GLN_A, 60_ILE_A, 49_LEU_A"
5YB2,"19_HIS_E, 29_LYS_E, 20_LEU_E, 24_THR_E, 26_TRP_E, 23_LEU_E, 18_GLN_E, 33_ALA_E, 31_LEU_E, 34_ARG_E, 22_GLN_E, 30_GLN_E, 32_GLN_E"
2X7R,"572_GLY_N, 574_LYS_N, 564_HIS_N, 571_TRP_N, 563_GLN_N, 567_GLN_N, 575_GLN_N, 568_LEU_N, 569_THR_N, 579_ARG_N"
6O6W,"18_PRO_A, 23_HIS_A, 52_GLN_A, 13_ALA_A, 17_ARG_A, 21_VAL_A, 25_PHE_A, 15_ASP_A, 19_GLY_A, 47_THR_A, 50_GLN_A, 12_VAL_A, 20_GLY_A, 48_ASN_A, 14_PHE_A, 46_GLY_A"
4TLL,"80_GLU_A, 43_ARG_A, 81_ASP_A, 66_THR_A, 36_LYS_A, 69_PRO_A, 68_ARG_A, 318_ASN_B, 40_GLN_A, 317_ASN_B, 64_SER_A, 39_GLU_A, 74_LYS_B, 73_GLN_A, 76_LEU_A, 65_VAL_A"
3P2T,"53_GLU_A, 33_ARG_A, 31_GLU_A, 32_ALA_A, 34_GLU_A, 81_VAL_A, 78_ARG_A, 55_LYS_A, 30_LEU_A, 80_PRO_A, 50_ASN_A, 51_PRO_A"
1NK1,"166_SER_A, 197_ARG_A, 190_PHE_A, 161_SER_A, 159_GLU_A, 157_PRO_A, 181_ARG_A, 194_PRO_A, 160_HIS_A, 156_ILE_A, 198_TYR_A"
6M17,"376_THR_E, 382_VAL_E, 392_PHE_E, 430_THR_E, 384_PRO_E, 377_PHE_E, 381_GLY_E, 380_TYR_E, 383_SER_E, 378_LYS_E, 369_TYR_E, 385_THR_E, 386_LYS_E, 379_CYS_E, 428_ASP_E, 390_LEU_E, 517_LEU_E, 375_SER_E"
5Z55,"61_GLU_A, 71_ASN_A, 73_LYS_A, 69_ASP_A, 59_GLN_A, 34_HIS_A, 23_ARG_A, 20_LYS_A, 74_SER_A, 18_VAL_A, 72_PHE_A, 22_GLY_A, 24_GLN_A, 75_ASP_A, 21_SER_A, 60_LYS_A, 76_LEU_A, 70_GLU_A"
1IVO,"360_THR_A, 353_ARG_A, 362_PRO_A, 356_SER_A, 361_PRO_A, 359_HIS_A, 357_PHE_A, 358_THR_A, 355_ASP_A"
6U49,"182_TYR_C, 186_SER_C, 189_PRO_C, 263_THR_C, 185_ASP_C, 188_ASN_C, 191_TYR_C, 266_LYS_C, 200_ARG_C, 181_PRO_C, 190_VAL_C, 183_ASP_C, 264_ASN_C, 173_ASN_C, 179_TRP_C, 187_TRP_C"
1CFI,"10_VAL_A, 5_LYS_A, 11_GLN_A, 16_ARG_A, 6_LEU_A, 9_PHE_A"
5UE3,"161_SER_A, 160_TYR_A, 167_VAL_A, 201_ASP_A, 197_GLY_A, 130_GLU_A, 174_GLU_A, 198_ILE_A, 162_ARG_A, 163_ASP_A, 177_ASP_A, 126_GLN_A, 111_GLU_A, 179_TYR_A, 110_PHE_A, 176_GLY_A, 196_PRO_A, 178_GLY_A, 199_GLN_A, 108_GLN_A, 172_VAL_A, 169_GLN_A, 109_THR_A, 124_TRP_A"
1KTJ,"96_LYS_A, 99_PRO_A, 36_GLN_A, 29_ILE_A, 129_ASP_A, 95_PRO_A, 93_ASN_A, 34_PRO_A, 100_LYS_A, 94_VAL_A, 28_ILE_A, 97_ILE_A, 31_ARG_A, 32_GLY_A, 33_LYS_A, 30_HIS_A"
4J72,"159_TYR_A, 99_TYR_A, 221_LYS_A, 283_LYS_A, 155_ASP_A, 230_TYR_A, 227_ASN_A, 157_ILE_A, 231_VAL_A, 229_PRO_A, 167_TYR_A, 154_ILE_A, 224_GLN_A, 232_PRO_A, 153_ASP_A, 233_TYR_A, 220_SER_A"
4DKD,"166_ASP_B, 61_ASN_B, 74_ILE_A, 155_ASN_B, 156_LEU_B, 55_LYS_A, 160_ARG_A, 63_LYS_B, 63_LYS_A, 170_ARG_B, 74_ILE_B, 47_TYR_A, 55_LYS_B, 47_TYR_B, 61_ASN_A, 65_SER_A, 154_PRO_B, 160_ARG_B, 166_ASP_A, 162_LYS_A, 170_ARG_A, 158_LEU_B, 73_ARG_B, 158_LEU_A, 167_ASN_B, 73_ARG_A, 155_ASN_A, 167_ASN_A, 162_LYS_B, 154_PRO_A"
1EZX,"374_HOH_A, 359_SER_B, 282_ARG_A, 230_GLN_A, 362_PRO_B, 283_SER_A, 209_HIS_A, 238_TRP_A, 229_ILE_A, 285_SER_A, 361_PRO_B, 363_GLU_B, 360_ILE_B, 231_HIS_A, 256_ASP_A, 224_LEU_A, 365_LYS_B"
4H1S,"155_SER_A, 136_LYS_B, 326_LYS_B, 103_HIS_B, 137_PHE_B, 136_LYS_A, 170_VAL_A, 129_GLU_A, 138_PRO_B, 323_ASP_A, 157_LEU_B, 152_SER_A, 157_LEU_A, 164_LEU_A, 212_VAL_A, 164_LEU_B, 106_ASN_B, 135_ALA_B, 210_LEU_B, 134_GLU_A, 210_LEU_A, 155_SER_B, 153_GLN_A, 137_PHE_A, 327_TRP_B, 327_TRP_A, 326_LYS_A, 129_GLU_B, 163_VAL_B, 133_LYS_B, 159_LEU_A, 162_LYS_A, 134_GLU_B, 323_ASP_B, 156_GLY_B, 138_PRO_A, 135_ALA_A, 107_ALA_A, 153_GLN_B, 163_VAL_A, 170_VAL_B, 107_ALA_B, 156_GLY_A, 133_LYS_A, 165_PRO_A, 159_LEU_B, 161_TYR_B, 103_HIS_A, 162_LYS_B, 165_PRO_B"
1Z3S,"434_ILE_A, 441_LEU_A, 451_GLY_A, 435_CYS_A, 432_LYS_A, 450_CYS_A, 476_TYR_A, 440_MET_A, 452_PRO_A, 480_SER_A, 433_CYS_A, 469_PHE_A, 475_TYR_A, 449_ALA_A, 448_ASP_A"
3O4O,"37_GLU_A, 39_GLN_A, 27_LYS_A, 84_SER_A, 83_GLU_A, 35_ASP_A, 22_GLY_A, 19_VAL_A, 73_LEU_A, 34_GLN_A, 81_GLN_A, 96_GLU_A, 89_ASN_A, 76_ASP_A, 86_ASP_A, 92_LYS_A, 74_LYS_A, 64_GLU_A, 88_LYS_A, 25_GLU_A, 40_VAL_A, 31_LEU_A, 97_LYS_A, 24_TYR_A, 116_GLN_A, 75_ASP_A, 65_LYS_A, 66_ASN_A, 72_VAL_A, 87_PRO_A, 118_PRO_A, 20_MET_A, 115_ALA_A, 23_PRO_A, 38_GLN_A, 90_TYR_A, 117_PHE_A, 98_ARG_A, 94_LYS_A, 21_SER_A, 129_ASN_A"
1HIJ,"81_ARG_A, 74_HIS_A, 70_ALA_A, 19_GLU_A, 77_LYS_A, 66_LEU_A, 67_GLY_A, 78_GLN_A, 20_GLN_A, 68_ALA_A, 73_PHE_A, 71_GLN_A, 69_THR_A, 75_ARG_A"
1DDR,"130_PRO_A, 154_GLU_A, 10_VAL_A, 118_GLU_A, 114_HIS_A, 11_ASP_A, 140_PHE_A, 152_CYS_A, 116_ASP_A, 129_GLU_A, 127_ASP_A, 12_ARG_A, 150_SER_A"
2QU1,"207_LEU_A, 171_ILE_A, 144_ASN_A, 170_ASN_A, 166_LYS_A, 174_GLY_A, 142_GLU_A, 176_VAL_A, 206_ALA_A, 173_ASP_A, 145_TYR_A, 147_SER_A, 205_SER_A, 168_ARG_A, 221_LEU_A, 204_GLN_A, 175_SER_A, 172_GLU_A, 146_ASN_A"
3LQ6,"483_GLY_B, 418_PRO_A, 270_HIS_B, 315_SER_B, 321_ASP_A, 234_VAL_B, 239_LEU_B, 311_GLU_A, 235_ILE_A, 318_VAL_B, 285_TRP_B, 319_PRO_A, 461_PHE_A, 465_ALA_A, 481_LEU_A, 311_GLU_B, 416_LEU_A, 319_PRO_B, 275_LEU_A, 463_SER_B, 234_VAL_A, 468_VAL_A, 320_GLY_A, 272_ASP_B, 413_LEU_B, 270_HIS_A, 274_THR_B, 274_THR_A, 313_ASP_B, 276_LEU_A, 236_GLN_A, 370_TYR_B, 322_ARG_B, 239_LEU_A, 464_ASN_B, 418_PRO_B, 272_ASP_A, 413_LEU_A, 235_ILE_B, 281_ILE_B, 463_SER_A, 494_GLU_A, 482_THR_B, 480_THR_A, 468_VAL_B, 415_PRO_A, 320_GLY_B, 326_LEU_A, 416_LEU_B, 415_PRO_B, 480_THR_B, 326_LEU_B, 273_GLY_A, 281_ILE_A, 315_SER_A, 481_LEU_B, 462_ALA_A, 236_GLN_B, 465_ALA_B, 462_ALA_B, 322_ARG_A, 461_PHE_B, 285_TRP_A, 275_LEU_B, 313_ASP_A, 370_TYR_A, 276_LEU_B, 273_GLY_B, 321_ASP_B"
6P4J,"418_PRO_A, 270_HIS_B, 441_THR_C, 483_GLY_A, 379_THR_B, 402_GLN_B, 320_GLY_A, 272_ASP_B, 334_GLN_B, 356_GLU_C, 516_GLU_A, 276_LEU_A, 236_GLN_A, 235_ILE_B, 514_ILE_A, 376_ALA_B, 463_SER_A, 419_PRO_B, 378_VAL_B, 401_PHE_C, 333_GLY_C, 316_ALA_B, 320_GLY_B, 415_PRO_A, 415_PRO_B, 480_THR_B, 439_ILE_C, 357_MET_B, 442_ALA_B, 362_THR_B, 377_SER_C, 321_ASP_A, 301_THR_C, 304_VAL_C, 318_VAL_B, 358_ILE_C, 363_THR_B, 319_PRO_A, 481_LEU_A, 275_LEU_A, 363_THR_C, 463_SER_B, 360_GLY_B, 399_TYR_B, 336_GLU_C, 441_THR_B, 447_GLU_C, 348_ASP_C, 274_THR_B, 274_THR_A, 364_ASN_B, 464_ASN_B, 377_SER_B, 300_GLY_C, 362_THR_C, 416_LEU_B, 351_LYS_C, 478_ARG_A, 236_GLN_B, 462_ALA_B, 346_THR_B, 275_LEU_B, 375_PHE_B, 401_PHE_B, 321_ASP_B, 483_GLY_B, 364_ASN_C, 360_GLY_C, 239_LEU_B, 361_PRO_B, 365_ALA_B, 399_TYR_C, 439_ILE_B, 375_PHE_C, 417_ALA_A, 280_PRO_A, 234_VAL_A, 319_PRO_B, 464_ASN_A, 270_HIS_A, 482_THR_A, 334_GLN_C, 479_ASN_B, 322_ARG_B, 239_LEU_A, 516_GLU_B, 402_GLN_C, 281_ILE_B, 358_ILE_B, 400_GLY_B, 480_THR_A, 301_THR_B, 440_ASP_B, 348_ASP_B, 366_ASP_C, 515_PHE_B, 481_LEU_B, 333_GLY_B, 276_LEU_B, 322_ARG_A, 356_GLU_B, 400_GLY_C, 318_VAL_A, 478_ARG_B, 234_VAL_B, 440_ASP_C, 347_GLY_B, 416_LEU_A, 365_ALA_C, 347_GLY_C, 366_ASP_B, 417_ALA_B, 379_THR_C, 418_PRO_B, 367_GLN_B, 272_ASP_A, 361_PRO_C, 482_THR_B, 326_LEU_A, 514_ILE_B, 351_LYS_B, 326_LEU_B, 281_ILE_A, 462_ALA_A, 465_ALA_A, 273_GLY_B"
4RS1,"86_GLN_A, 20_GLN_A, 115_LEU_A, 16_VAL_A, 124_PRO_A, 87_HIS_A, 88_CYS_A, 117_ILE_A, 123_GLU_A, 122_TRP_A, 50_GLN_A, 119_PHE_A, 89_PRO_A, 49_LEU_A, 120_ASP_A, 118_PRO_A, 83_HIS_A, 23_ARG_A, 116_VAL_A, 121_CYS_A"
1CSG,"45_GLU_A, 98_THR_A, 41_GLU_A, 96_CYS_A, 39_THR_A, 37_ASN_A, 44_SER_A, 112_ASP_A, 46_MET_A, 108_GLU_A, 109_ASN_A, 99_GLN_A, 104_GLU_A, 100_ILE_A, 101_ILE_A, 105_SER_A, 97_ALA_A, 38_GLU_A, 102_THR_A"
5JHD,"150_ALA_A, 62_GLY_A, 75_ARG_A, 72_GLN_A, 76_VAL_A, 68_LYS_A, 58_GLU_A, 167_TRP_A, 4_GLY_C, 151_HIS_A, 158_ALA_A, 6_VAL_C, 163_THR_A, 65_ARG_A, 69_ALA_A, 9_LEU_C, 154_GLU_A, 5_PHE_C, 66_LYS_A, 8_THR_C, 166_GLU_A"
1XMI,"606_LYS_D, 576_GLY_E, 579_ASP_E, 625_TYR_E, 637_GLN_E, 610_LEU_E, 579_ASP_D, 608_GLU_D, 580_VAL_E, 581_LEU_D, 620_HIS_D, 607_MET_D, 577_TYR_E, 606_LYS_E, 618_ILE_D, 458_GLY_D, 618_ILE_E, 605_SER_D, 457_ALA_E, 581_LEU_E, 459_SER_E, 458_GLY_E, 457_ALA_D, 459_SER_D, 580_VAL_D, 610_LEU_D, 611_LYS_D, 620_HIS_E, 625_TYR_D, 577_TYR_D, 607_MET_E, 576_GLY_D, 608_GLU_E, 605_SER_E, 611_LYS_E"
5LN1,"7_THR_U, 76_GLY_U, 72_ARG_U, 36_ILE_U, 164_PRO_A, 71_LEU_U, 116_SER_A, 158_ILE_A, 163_ASN_A, 75_GLY_U, 137_VAL_A, 119_SER_A, 40_GLN_U, 9_THR_U, 140_ASP_A, 107_HIS_A, 73_LEU_U, 106_GLN_A, 39_ASP_U, 37_PRO_U, 35_GLY_U, 159_ALA_A, 74_ARG_U, 34_GLU_U, 108_GLN_A, 138_ALA_A, 162_ASN_A, 160_ALA_A, 117_PRO_A, 8_LEU_U, 157_PHE_A"
4ZQK,"39_PRO_B, 38_SER_B, 35_PRO_B, 37_PHE_B, 42_LEU_B, 143_ARG_B, 34_PRO_B, 139_ARG_B, 136_GLU_B, 40_ALA_B, 41_LEU_B, 36_THR_B, 137_SER_B, 138_LEU_B, 43_VAL_B"